Script started on 2026-08-30 16:27:24-05:00 [COMMAND="cd /home/besquivel/rtl/src/op25/op25/gr-op25_repeater/apps && exec python3 rx.py --args soapy=0,driver=hackrf -N AMP:0,LNA:40,VGA:44 -S 2000000 -q 0 -o 25000 -T /home/besquivel/rtl/lwin_record.tsv -V -w -u 23456 -n -v 2" <not executed on terminal>]
CPU Features: SSE2+ SSE4.1+ AVX+ FMA+
Using avx for xtrxdsp_iq16_sc32
Using avx for xtrxdsp_iq8_ic16
Using avx for xtrxdsp_iq16_ic16i
Using avx for xtrxdsp_iq8_ic8i
Using avx for xtrxdsp_sc32i_iq16
Using avx for xtrxdsp_iq8_sc32
Using avx for xtrxdsp_iq8_sc32i
Using avx for xtrxdsp_iq16_sc32i
Using avx for xtrxdsp_sc32_iq16
Using avx for xtrxdsp_ic16i_iq16
gr-osmosdr 0.2.0.0 (0.2.0) gnuradio 3.10.12.0
built-in source types: file fcd rtl rtl_tcp miri hackrf bladerf rfspace airspy airspyhf soapy redpitaya freesrp xtrx 
[INFO] Opening HackRF Pro #0 977c64de2d717413...
gain: name: LNA range: start 0 stop 40 step 8
gain: name: AMP range: start 0 stop 14 step 14
gain: name: VGA range: start 0 stop 62 step 2
setting gain AMP to 0
setting gain LNA to 40
setting gain VGA to 44
supported sample rates 1000000-20000000 step 1000000
demodulator: xlator if_rate=24000, input_rate=2000000, decim=83, if taps=[399,49], resampled_rate=24096, sps=5
fll_band_edge_cc :warning: Using legacy FLL loop filter. Consider updating to the improved loop filter, which requires a change in the bandwidth setting. See https://github.com/gnuradio/gnuradio/pull/7890 for more information.
08/30/26 16:27:24.647722 [0] op25_audio::open_socket: enabled udp host(127.0.0.1), wireshark(23456), audio(23456)
p25_frame_assembler_impl: do_imbe[1], do_output[0], do_audio_output[1], do_phase2_tdma[0], do_nocrypt[0]
08/30/26 16:27:24.648225 Reading whitelist file
08/30/26 16:27:24.648255 added talkgroup 5000 from /home/besquivel/rtl/lwin_clear_whitelist.txt
08/30/26 16:27:24.648263 added talkgroup 5001 from /home/besquivel/rtl/lwin_clear_whitelist.txt
08/30/26 16:27:24.648267 added talkgroup 5004 from /home/besquivel/rtl/lwin_clear_whitelist.txt
08/30/26 16:27:24.648270 added talkgroup 5006 from /home/besquivel/rtl/lwin_clear_whitelist.txt
08/30/26 16:27:24.648273 added talkgroup 5010 from /home/besquivel/rtl/lwin_clear_whitelist.txt
08/30/26 16:27:24.648277 added talkgroup 5011 from /home/besquivel/rtl/lwin_clear_whitelist.txt
08/30/26 16:27:24.648280 added talkgroup 5012 from /home/besquivel/rtl/lwin_clear_whitelist.txt
08/30/26 16:27:24.648283 added talkgroup 5013 from /home/besquivel/rtl/lwin_clear_whitelist.txt
08/30/26 16:27:24.648286 added talkgroup 5014 from /home/besquivel/rtl/lwin_clear_whitelist.txt
08/30/26 16:27:24.648289 added talkgroup 5015 from /home/besquivel/rtl/lwin_clear_whitelist.txt
08/30/26 16:27:24.648293 added talkgroup 5016 from /home/besquivel/rtl/lwin_clear_whitelist.txt
08/30/26 16:27:24.648296 added talkgroup 5541 from /home/besquivel/rtl/lwin_clear_whitelist.txt
08/30/26 16:27:24.648299 added talkgroup 6000 from /home/besquivel/rtl/lwin_clear_whitelist.txt
08/30/26 16:27:24.648301 added talkgroup 6001 from /home/besquivel/rtl/lwin_clear_whitelist.txt
08/30/26 16:27:24.648303 added talkgroup 6002 from /home/besquivel/rtl/lwin_clear_whitelist.txt
08/30/26 16:27:24.648306 added talkgroup 6003 from /home/besquivel/rtl/lwin_clear_whitelist.txt
08/30/26 16:27:24.648309 added talkgroup 6004 from /home/besquivel/rtl/lwin_clear_whitelist.txt
08/30/26 16:27:24.648311 added talkgroup 6005 from /home/besquivel/rtl/lwin_clear_whitelist.txt
08/30/26 16:27:24.648314 added talkgroup 6006 from /home/besquivel/rtl/lwin_clear_whitelist.txt
08/30/26 16:27:24.648318 added talkgroup 6007 from /home/besquivel/rtl/lwin_clear_whitelist.txt
08/30/26 16:27:24.648320 added talkgroup 6008 from /home/besquivel/rtl/lwin_clear_whitelist.txt
08/30/26 16:27:24.648324 added talkgroup 6009 from /home/besquivel/rtl/lwin_clear_whitelist.txt
08/30/26 16:27:24.648327 added talkgroup 6010 from /home/besquivel/rtl/lwin_clear_whitelist.txt
08/30/26 16:27:24.648330 added talkgroup 6011 from /home/besquivel/rtl/lwin_clear_whitelist.txt
08/30/26 16:27:24.648333 added talkgroup 6012 from /home/besquivel/rtl/lwin_clear_whitelist.txt
08/30/26 16:27:24.648336 added talkgroup 6013 from /home/besquivel/rtl/lwin_clear_whitelist.txt
08/30/26 16:27:24.648340 added talkgroup 6014 from /home/besquivel/rtl/lwin_clear_whitelist.txt
08/30/26 16:27:24.648342 added talkgroup 6015 from /home/besquivel/rtl/lwin_clear_whitelist.txt
08/30/26 16:27:24.648345 added talkgroup 6016 from /home/besquivel/rtl/lwin_clear_whitelist.txt
08/30/26 16:27:24.648348 added talkgroup 6017 from /home/besquivel/rtl/lwin_clear_whitelist.txt
08/30/26 16:27:24.648351 added talkgroup 6018 from /home/besquivel/rtl/lwin_clear_whitelist.txt
08/30/26 16:27:24.648355 added talkgroup 6019 from /home/besquivel/rtl/lwin_clear_whitelist.txt
08/30/26 16:27:24.648357 added talkgroup 6020 from /home/besquivel/rtl/lwin_clear_whitelist.txt
08/30/26 16:27:24.648360 added talkgroup 6021 from /home/besquivel/rtl/lwin_clear_whitelist.txt
08/30/26 16:27:24.648363 added talkgroup 6022 from /home/besquivel/rtl/lwin_clear_whitelist.txt
08/30/26 16:27:24.648366 added talkgroup 6023 from /home/besquivel/rtl/lwin_clear_whitelist.txt
08/30/26 16:27:24.648369 added talkgroup 6024 from /home/besquivel/rtl/lwin_clear_whitelist.txt
08/30/26 16:27:24.648372 added talkgroup 6025 from /home/besquivel/rtl/lwin_clear_whitelist.txt
08/30/26 16:27:24.648375 added talkgroup 6026 from /home/besquivel/rtl/lwin_clear_whitelist.txt
08/30/26 16:27:24.648377 added talkgroup 6027 from /home/besquivel/rtl/lwin_clear_whitelist.txt
08/30/26 16:27:24.648379 added talkgroup 6028 from /home/besquivel/rtl/lwin_clear_whitelist.txt
08/30/26 16:27:24.648382 added talkgroup 6029 from /home/besquivel/rtl/lwin_clear_whitelist.txt
08/30/26 16:27:24.648385 added talkgroup 6030 from /home/besquivel/rtl/lwin_clear_whitelist.txt
08/30/26 16:27:24.648387 added talkgroup 6031 from /home/besquivel/rtl/lwin_clear_whitelist.txt
08/30/26 16:27:24.648390 added talkgroup 6032 from /home/besquivel/rtl/lwin_clear_whitelist.txt
08/30/26 16:27:24.648392 added talkgroup 6033 from /home/besquivel/rtl/lwin_clear_whitelist.txt
08/30/26 16:27:24.648395 added talkgroup 6034 from /home/besquivel/rtl/lwin_clear_whitelist.txt
08/30/26 16:27:24.648398 added talkgroup 6035 from /home/besquivel/rtl/lwin_clear_whitelist.txt
08/30/26 16:27:24.648401 added talkgroup 6036 from /home/besquivel/rtl/lwin_clear_whitelist.txt
08/30/26 16:27:24.648403 added talkgroup 6037 from /home/besquivel/rtl/lwin_clear_whitelist.txt
08/30/26 16:27:24.648406 added talkgroup 6038 from /home/besquivel/rtl/lwin_clear_whitelist.txt
08/30/26 16:27:24.648409 added talkgroup 6039 from /home/besquivel/rtl/lwin_clear_whitelist.txt
08/30/26 16:27:24.648412 added talkgroup 6040 from /home/besquivel/rtl/lwin_clear_whitelist.txt
08/30/26 16:27:24.648414 added talkgroup 6041 from /home/besquivel/rtl/lwin_clear_whitelist.txt
08/30/26 16:27:24.648417 added talkgroup 6042 from /home/besquivel/rtl/lwin_clear_whitelist.txt
08/30/26 16:27:24.648421 added talkgroup 6043 from /home/besquivel/rtl/lwin_clear_whitelist.txt
08/30/26 16:27:24.648424 added talkgroup 6044 from /home/besquivel/rtl/lwin_clear_whitelist.txt
08/30/26 16:27:24.648426 added talkgroup 6045 from /home/besquivel/rtl/lwin_clear_whitelist.txt
08/30/26 16:27:24.648429 added talkgroup 6046 from /home/besquivel/rtl/lwin_clear_whitelist.txt
08/30/26 16:27:24.648431 added talkgroup 6047 from /home/besquivel/rtl/lwin_clear_whitelist.txt
08/30/26 16:27:24.648434 added talkgroup 6048 from /home/besquivel/rtl/lwin_clear_whitelist.txt
08/30/26 16:27:24.648437 added talkgroup 6049 from /home/besquivel/rtl/lwin_clear_whitelist.txt
08/30/26 16:27:24.648440 added talkgroup 6050 from /home/besquivel/rtl/lwin_clear_whitelist.txt
08/30/26 16:27:24.648444 added talkgroup 6051 from /home/besquivel/rtl/lwin_clear_whitelist.txt
08/30/26 16:27:24.648446 added talkgroup 6052 from /home/besquivel/rtl/lwin_clear_whitelist.txt
08/30/26 16:27:24.648450 added talkgroup 6053 from /home/besquivel/rtl/lwin_clear_whitelist.txt
08/30/26 16:27:24.648453 added talkgroup 6054 from /home/besquivel/rtl/lwin_clear_whitelist.txt
08/30/26 16:27:24.648456 added talkgroup 6055 from /home/besquivel/rtl/lwin_clear_whitelist.txt
08/30/26 16:27:24.648459 added talkgroup 6056 from /home/besquivel/rtl/lwin_clear_whitelist.txt
08/30/26 16:27:24.648462 added talkgroup 6057 from /home/besquivel/rtl/lwin_clear_whitelist.txt
08/30/26 16:27:24.648465 added talkgroup 6058 from /home/besquivel/rtl/lwin_clear_whitelist.txt
08/30/26 16:27:24.648468 added talkgroup 6059 from /home/besquivel/rtl/lwin_clear_whitelist.txt
08/30/26 16:27:24.648470 added talkgroup 6060 from /home/besquivel/rtl/lwin_clear_whitelist.txt
08/30/26 16:27:24.648473 added talkgroup 6061 from /home/besquivel/rtl/lwin_clear_whitelist.txt
08/30/26 16:27:24.648476 added talkgroup 6062 from /home/besquivel/rtl/lwin_clear_whitelist.txt
08/30/26 16:27:24.648479 added talkgroup 6063 from /home/besquivel/rtl/lwin_clear_whitelist.txt
08/30/26 16:27:24.648482 added talkgroup 6064 from /home/besquivel/rtl/lwin_clear_whitelist.txt
08/30/26 16:27:24.648485 added talkgroup 6065 from /home/besquivel/rtl/lwin_clear_whitelist.txt
08/30/26 16:27:24.648487 added talkgroup 6066 from /home/besquivel/rtl/lwin_clear_whitelist.txt
08/30/26 16:27:24.648490 added talkgroup 6067 from /home/besquivel/rtl/lwin_clear_whitelist.txt
08/30/26 16:27:24.648493 added talkgroup 6068 from /home/besquivel/rtl/lwin_clear_whitelist.txt
08/30/26 16:27:24.648495 added talkgroup 6069 from /home/besquivel/rtl/lwin_clear_whitelist.txt
08/30/26 16:27:24.648498 added talkgroup 6070 from /home/besquivel/rtl/lwin_clear_whitelist.txt
08/30/26 16:27:24.648500 added talkgroup 6071 from /home/besquivel/rtl/lwin_clear_whitelist.txt
08/30/26 16:27:24.648504 added talkgroup 6072 from /home/besquivel/rtl/lwin_clear_whitelist.txt
08/30/26 16:27:24.648507 added talkgroup 6073 from /home/besquivel/rtl/lwin_clear_whitelist.txt
08/30/26 16:27:24.648510 added talkgroup 6074 from /home/besquivel/rtl/lwin_clear_whitelist.txt
08/30/26 16:27:24.648513 added talkgroup 6075 from /home/besquivel/rtl/lwin_clear_whitelist.txt
08/30/26 16:27:24.648516 added talkgroup 6076 from /home/besquivel/rtl/lwin_clear_whitelist.txt
08/30/26 16:27:24.648519 added talkgroup 6077 from /home/besquivel/rtl/lwin_clear_whitelist.txt
08/30/26 16:27:24.648522 added talkgroup 6078 from /home/besquivel/rtl/lwin_clear_whitelist.txt
08/30/26 16:27:24.648525 added talkgroup 6079 from /home/besquivel/rtl/lwin_clear_whitelist.txt
08/30/26 16:27:24.648527 added talkgroup 6080 from /home/besquivel/rtl/lwin_clear_whitelist.txt
08/30/26 16:27:24.648530 added talkgroup 6081 from /home/besquivel/rtl/lwin_clear_whitelist.txt
08/30/26 16:27:24.648533 added talkgroup 6082 from /home/besquivel/rtl/lwin_clear_whitelist.txt
08/30/26 16:27:24.648536 added talkgroup 6083 from /home/besquivel/rtl/lwin_clear_whitelist.txt
08/30/26 16:27:24.648538 added talkgroup 6084 from /home/besquivel/rtl/lwin_clear_whitelist.txt
08/30/26 16:27:24.648541 added talkgroup 6085 from /home/besquivel/rtl/lwin_clear_whitelist.txt
08/30/26 16:27:24.648543 added talkgroup 6086 from /home/besquivel/rtl/lwin_clear_whitelist.txt
08/30/26 16:27:24.648546 added talkgroup 6087 from /home/besquivel/rtl/lwin_clear_whitelist.txt
08/30/26 16:27:24.648550 added talkgroup 6088 from /home/besquivel/rtl/lwin_clear_whitelist.txt
08/30/26 16:27:24.648552 added talkgroup 6089 from /home/besquivel/rtl/lwin_clear_whitelist.txt
08/30/26 16:27:24.648555 added talkgroup 6090 from /home/besquivel/rtl/lwin_clear_whitelist.txt
08/30/26 16:27:24.648557 added talkgroup 6091 from /home/besquivel/rtl/lwin_clear_whitelist.txt
08/30/26 16:27:24.648560 added talkgroup 6092 from /home/besquivel/rtl/lwin_clear_whitelist.txt
08/30/26 16:27:24.648563 added talkgroup 6093 from /home/besquivel/rtl/lwin_clear_whitelist.txt
08/30/26 16:27:24.648565 added talkgroup 6094 from /home/besquivel/rtl/lwin_clear_whitelist.txt
08/30/26 16:27:24.648568 added talkgroup 6095 from /home/besquivel/rtl/lwin_clear_whitelist.txt
08/30/26 16:27:24.648570 added talkgroup 6096 from /home/besquivel/rtl/lwin_clear_whitelist.txt
08/30/26 16:27:24.648573 added talkgroup 6097 from /home/besquivel/rtl/lwin_clear_whitelist.txt
08/30/26 16:27:24.648576 added talkgroup 6098 from /home/besquivel/rtl/lwin_clear_whitelist.txt
08/30/26 16:27:24.648579 added talkgroup 6099 from /home/besquivel/rtl/lwin_clear_whitelist.txt
08/30/26 16:27:24.648581 added talkgroup 6100 from /home/besquivel/rtl/lwin_clear_whitelist.txt
08/30/26 16:27:24.648584 added talkgroup 6101 from /home/besquivel/rtl/lwin_clear_whitelist.txt
08/30/26 16:27:24.648587 added talkgroup 6102 from /home/besquivel/rtl/lwin_clear_whitelist.txt
08/30/26 16:27:24.648590 added talkgroup 6103 from /home/besquivel/rtl/lwin_clear_whitelist.txt
08/30/26 16:27:24.648593 added talkgroup 6104 from /home/besquivel/rtl/lwin_clear_whitelist.txt
08/30/26 16:27:24.648596 added talkgroup 6105 from /home/besquivel/rtl/lwin_clear_whitelist.txt
08/30/26 16:27:24.648599 added talkgroup 6106 from /home/besquivel/rtl/lwin_clear_whitelist.txt
08/30/26 16:27:24.648602 added talkgroup 6107 from /home/besquivel/rtl/lwin_clear_whitelist.txt
08/30/26 16:27:24.648604 added talkgroup 6108 from /home/besquivel/rtl/lwin_clear_whitelist.txt
08/30/26 16:27:24.648607 added talkgroup 6109 from /home/besquivel/rtl/lwin_clear_whitelist.txt
08/30/26 16:27:24.648610 added talkgroup 6110 from /home/besquivel/rtl/lwin_clear_whitelist.txt
08/30/26 16:27:24.648612 added talkgroup 6111 from /home/besquivel/rtl/lwin_clear_whitelist.txt
08/30/26 16:27:24.648615 added talkgroup 6112 from /home/besquivel/rtl/lwin_clear_whitelist.txt
08/30/26 16:27:24.648618 added talkgroup 6113 from /home/besquivel/rtl/lwin_clear_whitelist.txt
08/30/26 16:27:24.648621 added talkgroup 6114 from /home/besquivel/rtl/lwin_clear_whitelist.txt
08/30/26 16:27:24.648624 added talkgroup 6115 from /home/besquivel/rtl/lwin_clear_whitelist.txt
08/30/26 16:27:24.648626 added talkgroup 6116 from /home/besquivel/rtl/lwin_clear_whitelist.txt
08/30/26 16:27:24.648628 added talkgroup 6117 from /home/besquivel/rtl/lwin_clear_whitelist.txt
08/30/26 16:27:24.648631 added talkgroup 6118 from /home/besquivel/rtl/lwin_clear_whitelist.txt
08/30/26 16:27:24.648634 added talkgroup 6119 from /home/besquivel/rtl/lwin_clear_whitelist.txt
08/30/26 16:27:24.648637 added talkgroup 6120 from /home/besquivel/rtl/lwin_clear_whitelist.txt
08/30/26 16:27:24.648639 added talkgroup 6500 from /home/besquivel/rtl/lwin_clear_whitelist.txt
08/30/26 16:27:24.648643 added talkgroup 6501 from /home/besquivel/rtl/lwin_clear_whitelist.txt
08/30/26 16:27:24.648645 added talkgroup 6502 from /home/besquivel/rtl/lwin_clear_whitelist.txt
08/30/26 16:27:24.648648 added talkgroup 6503 from /home/besquivel/rtl/lwin_clear_whitelist.txt
08/30/26 16:27:24.648650 added talkgroup 6504 from /home/besquivel/rtl/lwin_clear_whitelist.txt
08/30/26 16:27:24.648653 added talkgroup 6505 from /home/besquivel/rtl/lwin_clear_whitelist.txt
08/30/26 16:27:24.648656 added talkgroup 6506 from /home/besquivel/rtl/lwin_clear_whitelist.txt
08/30/26 16:27:24.648659 added talkgroup 6507 from /home/besquivel/rtl/lwin_clear_whitelist.txt
08/30/26 16:27:24.648661 added talkgroup 6845 from /home/besquivel/rtl/lwin_clear_whitelist.txt
08/30/26 16:27:24.648664 added talkgroup 6846 from /home/besquivel/rtl/lwin_clear_whitelist.txt
08/30/26 16:27:24.648667 added talkgroup 6847 from /home/besquivel/rtl/lwin_clear_whitelist.txt
08/30/26 16:27:24.648669 added talkgroup 6848 from /home/besquivel/rtl/lwin_clear_whitelist.txt
08/30/26 16:27:24.648672 added talkgroup 6849 from /home/besquivel/rtl/lwin_clear_whitelist.txt
08/30/26 16:27:24.648675 added talkgroup 6850 from /home/besquivel/rtl/lwin_clear_whitelist.txt
08/30/26 16:27:24.648678 added talkgroup 6851 from /home/besquivel/rtl/lwin_clear_whitelist.txt
08/30/26 16:27:24.648681 added talkgroup 6852 from /home/besquivel/rtl/lwin_clear_whitelist.txt
08/30/26 16:27:24.648684 added talkgroup 6853 from /home/besquivel/rtl/lwin_clear_whitelist.txt
08/30/26 16:27:24.648687 added talkgroup 6854 from /home/besquivel/rtl/lwin_clear_whitelist.txt
08/30/26 16:27:24.648690 added talkgroup 6855 from /home/besquivel/rtl/lwin_clear_whitelist.txt
08/30/26 16:27:24.648693 added talkgroup 6856 from /home/besquivel/rtl/lwin_clear_whitelist.txt
08/30/26 16:27:24.648696 added talkgroup 6857 from /home/besquivel/rtl/lwin_clear_whitelist.txt
08/30/26 16:27:24.648703 added talkgroup 6858 from /home/besquivel/rtl/lwin_clear_whitelist.txt
08/30/26 16:27:24.648705 added talkgroup 6859 from /home/besquivel/rtl/lwin_clear_whitelist.txt
08/30/26 16:27:24.648709 added talkgroup 6860 from /home/besquivel/rtl/lwin_clear_whitelist.txt
08/30/26 16:27:24.648711 added talkgroup 6864 from /home/besquivel/rtl/lwin_clear_whitelist.txt
08/30/26 16:27:24.648714 added talkgroup 6865 from /home/besquivel/rtl/lwin_clear_whitelist.txt
08/30/26 16:27:24.648716 added talkgroup 6868 from /home/besquivel/rtl/lwin_clear_whitelist.txt
08/30/26 16:27:24.648719 added talkgroup 8084 from /home/besquivel/rtl/lwin_clear_whitelist.txt
08/30/26 16:27:24.648722 added talkgroup 8085 from /home/besquivel/rtl/lwin_clear_whitelist.txt
08/30/26 16:27:24.648725 added talkgroup 8086 from /home/besquivel/rtl/lwin_clear_whitelist.txt
08/30/26 16:27:24.648727 added talkgroup 8087 from /home/besquivel/rtl/lwin_clear_whitelist.txt
08/30/26 16:27:24.648731 added talkgroup 8088 from /home/besquivel/rtl/lwin_clear_whitelist.txt
08/30/26 16:27:24.648733 added talkgroup 8089 from /home/besquivel/rtl/lwin_clear_whitelist.txt
08/30/26 16:27:24.648736 added talkgroup 8090 from /home/besquivel/rtl/lwin_clear_whitelist.txt
08/30/26 16:27:24.648738 added talkgroup 8091 from /home/besquivel/rtl/lwin_clear_whitelist.txt
08/30/26 16:27:24.648741 added talkgroup 8092 from /home/besquivel/rtl/lwin_clear_whitelist.txt
08/30/26 16:27:24.648744 added talkgroup 8093 from /home/besquivel/rtl/lwin_clear_whitelist.txt
08/30/26 16:27:24.648747 added talkgroup 8094 from /home/besquivel/rtl/lwin_clear_whitelist.txt
08/30/26 16:27:24.648751 added talkgroup 8095 from /home/besquivel/rtl/lwin_clear_whitelist.txt
08/30/26 16:27:24.648753 added talkgroup 8096 from /home/besquivel/rtl/lwin_clear_whitelist.txt
08/30/26 16:27:24.648756 added talkgroup 8097 from /home/besquivel/rtl/lwin_clear_whitelist.txt
08/30/26 16:27:24.648759 added talkgroup 8098 from /home/besquivel/rtl/lwin_clear_whitelist.txt
08/30/26 16:27:24.648762 added talkgroup 8148 from /home/besquivel/rtl/lwin_clear_whitelist.txt
08/30/26 16:27:24.648765 added talkgroup 8161 from /home/besquivel/rtl/lwin_clear_whitelist.txt
08/30/26 16:27:24.648768 added talkgroup 10507 from /home/besquivel/rtl/lwin_clear_whitelist.txt
08/30/26 16:27:24.648771 added talkgroup 10512 from /home/besquivel/rtl/lwin_clear_whitelist.txt
08/30/26 16:27:24.648774 added talkgroup 11510 from /home/besquivel/rtl/lwin_clear_whitelist.txt
08/30/26 16:27:24.648777 added talkgroup 13564 from /home/besquivel/rtl/lwin_clear_whitelist.txt
08/30/26 16:27:24.648780 added talkgroup 13568 from /home/besquivel/rtl/lwin_clear_whitelist.txt
08/30/26 16:27:24.648783 added talkgroup 13570 from /home/besquivel/rtl/lwin_clear_whitelist.txt
08/30/26 16:27:24.648785 added talkgroup 16505 from /home/besquivel/rtl/lwin_clear_whitelist.txt
08/30/26 16:27:24.648788 added talkgroup 16506 from /home/besquivel/rtl/lwin_clear_whitelist.txt
08/30/26 16:27:24.648791 added talkgroup 16507 from /home/besquivel/rtl/lwin_clear_whitelist.txt
08/30/26 16:27:24.648793 added talkgroup 16508 from /home/besquivel/rtl/lwin_clear_whitelist.txt
08/30/26 16:27:24.648796 added talkgroup 16509 from /home/besquivel/rtl/lwin_clear_whitelist.txt
08/30/26 16:27:24.648799 added talkgroup 17000 from /home/besquivel/rtl/lwin_clear_whitelist.txt
08/30/26 16:27:24.648802 added talkgroup 17001 from /home/besquivel/rtl/lwin_clear_whitelist.txt
08/30/26 16:27:24.648804 added talkgroup 17002 from /home/besquivel/rtl/lwin_clear_whitelist.txt
08/30/26 16:27:24.648807 added talkgroup 17003 from /home/besquivel/rtl/lwin_clear_whitelist.txt
08/30/26 16:27:24.648810 added talkgroup 17004 from /home/besquivel/rtl/lwin_clear_whitelist.txt
08/30/26 16:27:24.648813 added talkgroup 17005 from /home/besquivel/rtl/lwin_clear_whitelist.txt
08/30/26 16:27:24.648815 added talkgroup 17006 from /home/besquivel/rtl/lwin_clear_whitelist.txt
08/30/26 16:27:24.648818 added talkgroup 17007 from /home/besquivel/rtl/lwin_clear_whitelist.txt
08/30/26 16:27:24.648821 added talkgroup 17008 from /home/besquivel/rtl/lwin_clear_whitelist.txt
08/30/26 16:27:24.648823 added talkgroup 17009 from /home/besquivel/rtl/lwin_clear_whitelist.txt
08/30/26 16:27:24.648827 added talkgroup 17010 from /home/besquivel/rtl/lwin_clear_whitelist.txt
08/30/26 16:27:24.648830 added talkgroup 17012 from /home/besquivel/rtl/lwin_clear_whitelist.txt
08/30/26 16:27:24.648833 added talkgroup 17013 from /home/besquivel/rtl/lwin_clear_whitelist.txt
08/30/26 16:27:24.648836 added talkgroup 17014 from /home/besquivel/rtl/lwin_clear_whitelist.txt
08/30/26 16:27:24.648839 added talkgroup 17015 from /home/besquivel/rtl/lwin_clear_whitelist.txt
08/30/26 16:27:24.648842 added talkgroup 17016 from /home/besquivel/rtl/lwin_clear_whitelist.txt
08/30/26 16:27:24.648844 added talkgroup 17017 from /home/besquivel/rtl/lwin_clear_whitelist.txt
08/30/26 16:27:24.648847 added talkgroup 17018 from /home/besquivel/rtl/lwin_clear_whitelist.txt
08/30/26 16:27:24.648850 added talkgroup 17019 from /home/besquivel/rtl/lwin_clear_whitelist.txt
08/30/26 16:27:24.648854 added talkgroup 17020 from /home/besquivel/rtl/lwin_clear_whitelist.txt
08/30/26 16:27:24.648856 added talkgroup 17021 from /home/besquivel/rtl/lwin_clear_whitelist.txt
08/30/26 16:27:24.648859 added talkgroup 17022 from /home/besquivel/rtl/lwin_clear_whitelist.txt
08/30/26 16:27:24.648862 added talkgroup 17023 from /home/besquivel/rtl/lwin_clear_whitelist.txt
08/30/26 16:27:24.648865 added talkgroup 17024 from /home/besquivel/rtl/lwin_clear_whitelist.txt
08/30/26 16:27:24.648869 added talkgroup 17025 from /home/besquivel/rtl/lwin_clear_whitelist.txt
08/30/26 16:27:24.648872 added talkgroup 17026 from /home/besquivel/rtl/lwin_clear_whitelist.txt
08/30/26 16:27:24.648874 added talkgroup 17027 from /home/besquivel/rtl/lwin_clear_whitelist.txt
08/30/26 16:27:24.648877 added talkgroup 17028 from /home/besquivel/rtl/lwin_clear_whitelist.txt
08/30/26 16:27:24.648879 added talkgroup 17029 from /home/besquivel/rtl/lwin_clear_whitelist.txt
08/30/26 16:27:24.648882 added talkgroup 17030 from /home/besquivel/rtl/lwin_clear_whitelist.txt
08/30/26 16:27:24.648884 added talkgroup 17031 from /home/besquivel/rtl/lwin_clear_whitelist.txt
08/30/26 16:27:24.648887 added talkgroup 17032 from /home/besquivel/rtl/lwin_clear_whitelist.txt
08/30/26 16:27:24.648889 added talkgroup 17034 from /home/besquivel/rtl/lwin_clear_whitelist.txt
08/30/26 16:27:24.648892 added talkgroup 17036 from /home/besquivel/rtl/lwin_clear_whitelist.txt
08/30/26 16:27:24.648895 added talkgroup 17037 from /home/besquivel/rtl/lwin_clear_whitelist.txt
08/30/26 16:27:24.648898 added talkgroup 17038 from /home/besquivel/rtl/lwin_clear_whitelist.txt
08/30/26 16:27:24.648901 added talkgroup 17039 from /home/besquivel/rtl/lwin_clear_whitelist.txt
08/30/26 16:27:24.648905 added talkgroup 17040 from /home/besquivel/rtl/lwin_clear_whitelist.txt
08/30/26 16:27:24.648908 added talkgroup 17041 from /home/besquivel/rtl/lwin_clear_whitelist.txt
08/30/26 16:27:24.648911 added talkgroup 17059 from /home/besquivel/rtl/lwin_clear_whitelist.txt
08/30/26 16:27:24.648914 added talkgroup 17060 from /home/besquivel/rtl/lwin_clear_whitelist.txt
08/30/26 16:27:24.648917 added talkgroup 17068 from /home/besquivel/rtl/lwin_clear_whitelist.txt
08/30/26 16:27:24.648921 added talkgroup 17069 from /home/besquivel/rtl/lwin_clear_whitelist.txt
08/30/26 16:27:24.648924 added talkgroup 17070 from /home/besquivel/rtl/lwin_clear_whitelist.txt
08/30/26 16:27:24.648926 added talkgroup 17091 from /home/besquivel/rtl/lwin_clear_whitelist.txt
08/30/26 16:27:24.648929 added talkgroup 17092 from /home/besquivel/rtl/lwin_clear_whitelist.txt
08/30/26 16:27:24.648932 added talkgroup 17101 from /home/besquivel/rtl/lwin_clear_whitelist.txt
08/30/26 16:27:24.648936 added talkgroup 17139 from /home/besquivel/rtl/lwin_clear_whitelist.txt
08/30/26 16:27:24.648939 added talkgroup 17140 from /home/besquivel/rtl/lwin_clear_whitelist.txt
08/30/26 16:27:24.648943 added talkgroup 17142 from /home/besquivel/rtl/lwin_clear_whitelist.txt
08/30/26 16:27:24.648945 added talkgroup 17143 from /home/besquivel/rtl/lwin_clear_whitelist.txt
08/30/26 16:27:24.648948 added talkgroup 17144 from /home/besquivel/rtl/lwin_clear_whitelist.txt
08/30/26 16:27:24.648952 added talkgroup 17145 from /home/besquivel/rtl/lwin_clear_whitelist.txt
08/30/26 16:27:24.648955 added talkgroup 17146 from /home/besquivel/rtl/lwin_clear_whitelist.txt
08/30/26 16:27:24.648958 added talkgroup 17148 from /home/besquivel/rtl/lwin_clear_whitelist.txt
08/30/26 16:27:24.648961 added talkgroup 17189 from /home/besquivel/rtl/lwin_clear_whitelist.txt
08/30/26 16:27:24.648964 added talkgroup 17195 from /home/besquivel/rtl/lwin_clear_whitelist.txt
08/30/26 16:27:24.648967 added talkgroup 17198 from /home/besquivel/rtl/lwin_clear_whitelist.txt
08/30/26 16:27:24.648970 added talkgroup 17199 from /home/besquivel/rtl/lwin_clear_whitelist.txt
08/30/26 16:27:24.648973 added talkgroup 17200 from /home/besquivel/rtl/lwin_clear_whitelist.txt
08/30/26 16:27:24.648976 added talkgroup 17206 from /home/besquivel/rtl/lwin_clear_whitelist.txt
08/30/26 16:27:24.648979 added talkgroup 17211 from /home/besquivel/rtl/lwin_clear_whitelist.txt
08/30/26 16:27:24.648982 added talkgroup 17212 from /home/besquivel/rtl/lwin_clear_whitelist.txt
08/30/26 16:27:24.648984 added talkgroup 17213 from /home/besquivel/rtl/lwin_clear_whitelist.txt
08/30/26 16:27:24.648987 added talkgroup 17217 from /home/besquivel/rtl/lwin_clear_whitelist.txt
08/30/26 16:27:24.648989 added talkgroup 17218 from /home/besquivel/rtl/lwin_clear_whitelist.txt
08/30/26 16:27:24.648993 added talkgroup 17220 from /home/besquivel/rtl/lwin_clear_whitelist.txt
08/30/26 16:27:24.648995 added talkgroup 17221 from /home/besquivel/rtl/lwin_clear_whitelist.txt
08/30/26 16:27:24.648998 added talkgroup 17222 from /home/besquivel/rtl/lwin_clear_whitelist.txt
08/30/26 16:27:24.649001 added talkgroup 17223 from /home/besquivel/rtl/lwin_clear_whitelist.txt
08/30/26 16:27:24.649004 added talkgroup 17226 from /home/besquivel/rtl/lwin_clear_whitelist.txt
08/30/26 16:27:24.649006 added talkgroup 17227 from /home/besquivel/rtl/lwin_clear_whitelist.txt
08/30/26 16:27:24.649009 added talkgroup 17228 from /home/besquivel/rtl/lwin_clear_whitelist.txt
08/30/26 16:27:24.649012 added talkgroup 17230 from /home/besquivel/rtl/lwin_clear_whitelist.txt
08/30/26 16:27:24.649015 added talkgroup 17231 from /home/besquivel/rtl/lwin_clear_whitelist.txt
08/30/26 16:27:24.649018 added talkgroup 17232 from /home/besquivel/rtl/lwin_clear_whitelist.txt
08/30/26 16:27:24.649020 added talkgroup 17233 from /home/besquivel/rtl/lwin_clear_whitelist.txt
08/30/26 16:27:24.649023 added talkgroup 17236 from /home/besquivel/rtl/lwin_clear_whitelist.txt
08/30/26 16:27:24.649026 added talkgroup 17237 from /home/besquivel/rtl/lwin_clear_whitelist.txt
08/30/26 16:27:24.649029 added talkgroup 17241 from /home/besquivel/rtl/lwin_clear_whitelist.txt
08/30/26 16:27:24.649032 added talkgroup 17248 from /home/besquivel/rtl/lwin_clear_whitelist.txt
08/30/26 16:27:24.649035 added talkgroup 17276 from /home/besquivel/rtl/lwin_clear_whitelist.txt
08/30/26 16:27:24.649039 added talkgroup 17277 from /home/besquivel/rtl/lwin_clear_whitelist.txt
08/30/26 16:27:24.649041 added talkgroup 17278 from /home/besquivel/rtl/lwin_clear_whitelist.txt
08/30/26 16:27:24.649044 added talkgroup 17279 from /home/besquivel/rtl/lwin_clear_whitelist.txt
08/30/26 16:27:24.649047 added talkgroup 17280 from /home/besquivel/rtl/lwin_clear_whitelist.txt
08/30/26 16:27:24.649050 added talkgroup 17281 from /home/besquivel/rtl/lwin_clear_whitelist.txt
08/30/26 16:27:24.649053 added talkgroup 17282 from /home/besquivel/rtl/lwin_clear_whitelist.txt
08/30/26 16:27:24.649056 added talkgroup 17283 from /home/besquivel/rtl/lwin_clear_whitelist.txt
08/30/26 16:27:24.649059 added talkgroup 17284 from /home/besquivel/rtl/lwin_clear_whitelist.txt
08/30/26 16:27:24.649061 added talkgroup 17285 from /home/besquivel/rtl/lwin_clear_whitelist.txt
08/30/26 16:27:24.649064 added talkgroup 17286 from /home/besquivel/rtl/lwin_clear_whitelist.txt
08/30/26 16:27:24.649066 added talkgroup 17287 from /home/besquivel/rtl/lwin_clear_whitelist.txt
08/30/26 16:27:24.649070 added talkgroup 17288 from /home/besquivel/rtl/lwin_clear_whitelist.txt
08/30/26 16:27:24.649072 added talkgroup 17294 from /home/besquivel/rtl/lwin_clear_whitelist.txt
08/30/26 16:27:24.649076 added talkgroup 17296 from /home/besquivel/rtl/lwin_clear_whitelist.txt
08/30/26 16:27:24.649079 added talkgroup 17328 from /home/besquivel/rtl/lwin_clear_whitelist.txt
08/30/26 16:27:24.649082 added talkgroup 17330 from /home/besquivel/rtl/lwin_clear_whitelist.txt
08/30/26 16:27:24.649085 added talkgroup 17333 from /home/besquivel/rtl/lwin_clear_whitelist.txt
08/30/26 16:27:24.649088 added talkgroup 17340 from /home/besquivel/rtl/lwin_clear_whitelist.txt
08/30/26 16:27:24.649091 added talkgroup 17341 from /home/besquivel/rtl/lwin_clear_whitelist.txt
08/30/26 16:27:24.649093 added talkgroup 17342 from /home/besquivel/rtl/lwin_clear_whitelist.txt
08/30/26 16:27:24.649096 added talkgroup 17343 from /home/besquivel/rtl/lwin_clear_whitelist.txt
08/30/26 16:27:24.649098 added talkgroup 17344 from /home/besquivel/rtl/lwin_clear_whitelist.txt
08/30/26 16:27:24.649101 added talkgroup 17345 from /home/besquivel/rtl/lwin_clear_whitelist.txt
08/30/26 16:27:24.649104 added talkgroup 17346 from /home/besquivel/rtl/lwin_clear_whitelist.txt
08/30/26 16:27:24.649107 added talkgroup 17347 from /home/besquivel/rtl/lwin_clear_whitelist.txt
08/30/26 16:27:24.649110 added talkgroup 17348 from /home/besquivel/rtl/lwin_clear_whitelist.txt
08/30/26 16:27:24.649113 added talkgroup 17349 from /home/besquivel/rtl/lwin_clear_whitelist.txt
08/30/26 16:27:24.649117 added talkgroup 17350 from /home/besquivel/rtl/lwin_clear_whitelist.txt
08/30/26 16:27:24.649119 added talkgroup 17352 from /home/besquivel/rtl/lwin_clear_whitelist.txt
08/30/26 16:27:24.649122 added talkgroup 17353 from /home/besquivel/rtl/lwin_clear_whitelist.txt
08/30/26 16:27:24.649124 added talkgroup 17364 from /home/besquivel/rtl/lwin_clear_whitelist.txt
08/30/26 16:27:24.649128 added talkgroup 17365 from /home/besquivel/rtl/lwin_clear_whitelist.txt
08/30/26 16:27:24.649131 added talkgroup 17366 from /home/besquivel/rtl/lwin_clear_whitelist.txt
08/30/26 16:27:24.649133 added talkgroup 17373 from /home/besquivel/rtl/lwin_clear_whitelist.txt
08/30/26 16:27:24.649136 added talkgroup 17501 from /home/besquivel/rtl/lwin_clear_whitelist.txt
08/30/26 16:27:24.649139 added talkgroup 17503 from /home/besquivel/rtl/lwin_clear_whitelist.txt
08/30/26 16:27:24.649142 added talkgroup 17504 from /home/besquivel/rtl/lwin_clear_whitelist.txt
08/30/26 16:27:24.649145 added talkgroup 17506 from /home/besquivel/rtl/lwin_clear_whitelist.txt
08/30/26 16:27:24.649148 added talkgroup 17509 from /home/besquivel/rtl/lwin_clear_whitelist.txt
08/30/26 16:27:24.649150 added talkgroup 17511 from /home/besquivel/rtl/lwin_clear_whitelist.txt
08/30/26 16:27:24.649153 added talkgroup 17512 from /home/besquivel/rtl/lwin_clear_whitelist.txt
08/30/26 16:27:24.649157 added talkgroup 17513 from /home/besquivel/rtl/lwin_clear_whitelist.txt
08/30/26 16:27:24.649159 added talkgroup 17514 from /home/besquivel/rtl/lwin_clear_whitelist.txt
08/30/26 16:27:24.649163 added talkgroup 17517 from /home/besquivel/rtl/lwin_clear_whitelist.txt
08/30/26 16:27:24.649166 added talkgroup 17518 from /home/besquivel/rtl/lwin_clear_whitelist.txt
08/30/26 16:27:24.649169 added talkgroup 17519 from /home/besquivel/rtl/lwin_clear_whitelist.txt
08/30/26 16:27:24.649172 added talkgroup 17522 from /home/besquivel/rtl/lwin_clear_whitelist.txt
08/30/26 16:27:24.649175 added talkgroup 17523 from /home/besquivel/rtl/lwin_clear_whitelist.txt
08/30/26 16:27:24.649178 added talkgroup 17524 from /home/besquivel/rtl/lwin_clear_whitelist.txt
08/30/26 16:27:24.649180 added talkgroup 17525 from /home/besquivel/rtl/lwin_clear_whitelist.txt
08/30/26 16:27:24.649183 added talkgroup 17527 from /home/besquivel/rtl/lwin_clear_whitelist.txt
08/30/26 16:27:24.649186 added talkgroup 17531 from /home/besquivel/rtl/lwin_clear_whitelist.txt
08/30/26 16:27:24.649189 added talkgroup 17540 from /home/besquivel/rtl/lwin_clear_whitelist.txt
08/30/26 16:27:24.649191 added talkgroup 17541 from /home/besquivel/rtl/lwin_clear_whitelist.txt
08/30/26 16:27:24.649194 added talkgroup 17542 from /home/besquivel/rtl/lwin_clear_whitelist.txt
08/30/26 16:27:24.649197 added talkgroup 17546 from /home/besquivel/rtl/lwin_clear_whitelist.txt
08/30/26 16:27:24.649200 added talkgroup 17547 from /home/besquivel/rtl/lwin_clear_whitelist.txt
08/30/26 16:27:24.649202 added talkgroup 17559 from /home/besquivel/rtl/lwin_clear_whitelist.txt
08/30/26 16:27:24.649205 added talkgroup 18000 from /home/besquivel/rtl/lwin_clear_whitelist.txt
08/30/26 16:27:24.649208 added talkgroup 18001 from /home/besquivel/rtl/lwin_clear_whitelist.txt
08/30/26 16:27:24.649211 added talkgroup 18002 from /home/besquivel/rtl/lwin_clear_whitelist.txt
08/30/26 16:27:24.649213 added talkgroup 18003 from /home/besquivel/rtl/lwin_clear_whitelist.txt
08/30/26 16:27:24.649216 added talkgroup 18004 from /home/besquivel/rtl/lwin_clear_whitelist.txt
08/30/26 16:27:24.649218 added talkgroup 18005 from /home/besquivel/rtl/lwin_clear_whitelist.txt
08/30/26 16:27:24.649221 added talkgroup 18006 from /home/besquivel/rtl/lwin_clear_whitelist.txt
08/30/26 16:27:24.649224 added talkgroup 18007 from /home/besquivel/rtl/lwin_clear_whitelist.txt
08/30/26 16:27:24.649227 added talkgroup 18008 from /home/besquivel/rtl/lwin_clear_whitelist.txt
08/30/26 16:27:24.649230 added talkgroup 18009 from /home/besquivel/rtl/lwin_clear_whitelist.txt
08/30/26 16:27:24.649233 added talkgroup 18010 from /home/besquivel/rtl/lwin_clear_whitelist.txt
08/30/26 16:27:24.649236 added talkgroup 18011 from /home/besquivel/rtl/lwin_clear_whitelist.txt
08/30/26 16:27:24.649239 added talkgroup 18012 from /home/besquivel/rtl/lwin_clear_whitelist.txt
08/30/26 16:27:24.649243 added talkgroup 18013 from /home/besquivel/rtl/lwin_clear_whitelist.txt
08/30/26 16:27:24.649246 added talkgroup 18014 from /home/besquivel/rtl/lwin_clear_whitelist.txt
08/30/26 16:27:24.649249 added talkgroup 18015 from /home/besquivel/rtl/lwin_clear_whitelist.txt
08/30/26 16:27:24.649252 added talkgroup 18016 from /home/besquivel/rtl/lwin_clear_whitelist.txt
08/30/26 16:27:24.649254 added talkgroup 18017 from /home/besquivel/rtl/lwin_clear_whitelist.txt
08/30/26 16:27:24.649257 added talkgroup 18018 from /home/besquivel/rtl/lwin_clear_whitelist.txt
08/30/26 16:27:24.649260 added talkgroup 18019 from /home/besquivel/rtl/lwin_clear_whitelist.txt
08/30/26 16:27:24.649263 added talkgroup 18020 from /home/besquivel/rtl/lwin_clear_whitelist.txt
08/30/26 16:27:24.649265 added talkgroup 18021 from /home/besquivel/rtl/lwin_clear_whitelist.txt
08/30/26 16:27:24.649268 added talkgroup 18022 from /home/besquivel/rtl/lwin_clear_whitelist.txt
08/30/26 16:27:24.649271 added talkgroup 18023 from /home/besquivel/rtl/lwin_clear_whitelist.txt
08/30/26 16:27:24.649274 added talkgroup 18024 from /home/besquivel/rtl/lwin_clear_whitelist.txt
08/30/26 16:27:24.649276 added talkgroup 18025 from /home/besquivel/rtl/lwin_clear_whitelist.txt
08/30/26 16:27:24.649280 added talkgroup 18026 from /home/besquivel/rtl/lwin_clear_whitelist.txt
08/30/26 16:27:24.649282 added talkgroup 18095 from /home/besquivel/rtl/lwin_clear_whitelist.txt
08/30/26 16:27:24.649285 added talkgroup 18096 from /home/besquivel/rtl/lwin_clear_whitelist.txt
08/30/26 16:27:24.649287 added talkgroup 18507 from /home/besquivel/rtl/lwin_clear_whitelist.txt
08/30/26 16:27:24.649290 added talkgroup 18508 from /home/besquivel/rtl/lwin_clear_whitelist.txt
08/30/26 16:27:24.649293 added talkgroup 18509 from /home/besquivel/rtl/lwin_clear_whitelist.txt
08/30/26 16:27:24.649296 added talkgroup 18510 from /home/besquivel/rtl/lwin_clear_whitelist.txt
08/30/26 16:27:24.649299 added talkgroup 18513 from /home/besquivel/rtl/lwin_clear_whitelist.txt
08/30/26 16:27:24.649302 added talkgroup 18514 from /home/besquivel/rtl/lwin_clear_whitelist.txt
08/30/26 16:27:24.649306 added talkgroup 18515 from /home/besquivel/rtl/lwin_clear_whitelist.txt
08/30/26 16:27:24.649309 added talkgroup 18516 from /home/besquivel/rtl/lwin_clear_whitelist.txt
08/30/26 16:27:24.649312 added talkgroup 18517 from /home/besquivel/rtl/lwin_clear_whitelist.txt
08/30/26 16:27:24.649315 added talkgroup 18518 from /home/besquivel/rtl/lwin_clear_whitelist.txt
08/30/26 16:27:24.649318 added talkgroup 18519 from /home/besquivel/rtl/lwin_clear_whitelist.txt
08/30/26 16:27:24.649321 added talkgroup 18520 from /home/besquivel/rtl/lwin_clear_whitelist.txt
08/30/26 16:27:24.649324 added talkgroup 18521 from /home/besquivel/rtl/lwin_clear_whitelist.txt
08/30/26 16:27:24.649326 added talkgroup 18522 from /home/besquivel/rtl/lwin_clear_whitelist.txt
08/30/26 16:27:24.649329 added talkgroup 18523 from /home/besquivel/rtl/lwin_clear_whitelist.txt
08/30/26 16:27:24.649332 added talkgroup 18524 from /home/besquivel/rtl/lwin_clear_whitelist.txt
08/30/26 16:27:24.649335 added talkgroup 18525 from /home/besquivel/rtl/lwin_clear_whitelist.txt
08/30/26 16:27:24.649337 added talkgroup 18526 from /home/besquivel/rtl/lwin_clear_whitelist.txt
08/30/26 16:27:24.649340 added talkgroup 18527 from /home/besquivel/rtl/lwin_clear_whitelist.txt
08/30/26 16:27:24.649343 added talkgroup 18528 from /home/besquivel/rtl/lwin_clear_whitelist.txt
08/30/26 16:27:24.649346 added talkgroup 18529 from /home/besquivel/rtl/lwin_clear_whitelist.txt
08/30/26 16:27:24.649349 added talkgroup 18530 from /home/besquivel/rtl/lwin_clear_whitelist.txt
08/30/26 16:27:24.649352 added talkgroup 18531 from /home/besquivel/rtl/lwin_clear_whitelist.txt
08/30/26 16:27:24.649355 added talkgroup 18532 from /home/besquivel/rtl/lwin_clear_whitelist.txt
08/30/26 16:27:24.649358 added talkgroup 18533 from /home/besquivel/rtl/lwin_clear_whitelist.txt
08/30/26 16:27:24.649361 added talkgroup 18534 from /home/besquivel/rtl/lwin_clear_whitelist.txt
08/30/26 16:27:24.649364 added talkgroup 18535 from /home/besquivel/rtl/lwin_clear_whitelist.txt
08/30/26 16:27:24.649367 added talkgroup 18536 from /home/besquivel/rtl/lwin_clear_whitelist.txt
08/30/26 16:27:24.649370 added talkgroup 18537 from /home/besquivel/rtl/lwin_clear_whitelist.txt
08/30/26 16:27:24.649373 added talkgroup 18538 from /home/besquivel/rtl/lwin_clear_whitelist.txt
08/30/26 16:27:24.649376 added talkgroup 18539 from /home/besquivel/rtl/lwin_clear_whitelist.txt
08/30/26 16:27:24.649379 added talkgroup 18540 from /home/besquivel/rtl/lwin_clear_whitelist.txt
08/30/26 16:27:24.649382 added talkgroup 18541 from /home/besquivel/rtl/lwin_clear_whitelist.txt
08/30/26 16:27:24.649385 added talkgroup 18542 from /home/besquivel/rtl/lwin_clear_whitelist.txt
08/30/26 16:27:24.649388 added talkgroup 18543 from /home/besquivel/rtl/lwin_clear_whitelist.txt
08/30/26 16:27:24.649392 added talkgroup 18544 from /home/besquivel/rtl/lwin_clear_whitelist.txt
08/30/26 16:27:24.649395 added talkgroup 18545 from /home/besquivel/rtl/lwin_clear_whitelist.txt
08/30/26 16:27:24.649397 added talkgroup 18546 from /home/besquivel/rtl/lwin_clear_whitelist.txt
08/30/26 16:27:24.649400 added talkgroup 18561 from /home/besquivel/rtl/lwin_clear_whitelist.txt
08/30/26 16:27:24.649403 added talkgroup 18562 from /home/besquivel/rtl/lwin_clear_whitelist.txt
08/30/26 16:27:24.649406 added talkgroup 18563 from /home/besquivel/rtl/lwin_clear_whitelist.txt
08/30/26 16:27:24.649408 added talkgroup 18564 from /home/besquivel/rtl/lwin_clear_whitelist.txt
08/30/26 16:27:24.649412 added talkgroup 18566 from /home/besquivel/rtl/lwin_clear_whitelist.txt
08/30/26 16:27:24.649415 added talkgroup 18567 from /home/besquivel/rtl/lwin_clear_whitelist.txt
08/30/26 16:27:24.649418 added talkgroup 18568 from /home/besquivel/rtl/lwin_clear_whitelist.txt
08/30/26 16:27:24.649420 added talkgroup 18569 from /home/besquivel/rtl/lwin_clear_whitelist.txt
08/30/26 16:27:24.649423 added talkgroup 19000 from /home/besquivel/rtl/lwin_clear_whitelist.txt
08/30/26 16:27:24.649426 added talkgroup 19002 from /home/besquivel/rtl/lwin_clear_whitelist.txt
08/30/26 16:27:24.649429 added talkgroup 19003 from /home/besquivel/rtl/lwin_clear_whitelist.txt
08/30/26 16:27:24.649433 added talkgroup 19004 from /home/besquivel/rtl/lwin_clear_whitelist.txt
08/30/26 16:27:24.649435 added talkgroup 19005 from /home/besquivel/rtl/lwin_clear_whitelist.txt
08/30/26 16:27:24.649438 added talkgroup 19008 from /home/besquivel/rtl/lwin_clear_whitelist.txt
08/30/26 16:27:24.649440 added talkgroup 19009 from /home/besquivel/rtl/lwin_clear_whitelist.txt
08/30/26 16:27:24.649444 added talkgroup 19014 from /home/besquivel/rtl/lwin_clear_whitelist.txt
08/30/26 16:27:24.649447 added talkgroup 19016 from /home/besquivel/rtl/lwin_clear_whitelist.txt
08/30/26 16:27:24.649450 added talkgroup 19018 from /home/besquivel/rtl/lwin_clear_whitelist.txt
08/30/26 16:27:24.649454 added talkgroup 19022 from /home/besquivel/rtl/lwin_clear_whitelist.txt
08/30/26 16:27:24.649457 added talkgroup 19500 from /home/besquivel/rtl/lwin_clear_whitelist.txt
08/30/26 16:27:24.649460 added talkgroup 19505 from /home/besquivel/rtl/lwin_clear_whitelist.txt
08/30/26 16:27:24.649464 added talkgroup 19506 from /home/besquivel/rtl/lwin_clear_whitelist.txt
08/30/26 16:27:24.649467 added talkgroup 19507 from /home/besquivel/rtl/lwin_clear_whitelist.txt
08/30/26 16:27:24.649470 added talkgroup 19508 from /home/besquivel/rtl/lwin_clear_whitelist.txt
08/30/26 16:27:24.649473 added talkgroup 19509 from /home/besquivel/rtl/lwin_clear_whitelist.txt
08/30/26 16:27:24.649476 added talkgroup 19510 from /home/besquivel/rtl/lwin_clear_whitelist.txt
08/30/26 16:27:24.649479 added talkgroup 19511 from /home/besquivel/rtl/lwin_clear_whitelist.txt
08/30/26 16:27:24.649482 added talkgroup 19512 from /home/besquivel/rtl/lwin_clear_whitelist.txt
08/30/26 16:27:24.649484 added talkgroup 19587 from /home/besquivel/rtl/lwin_clear_whitelist.txt
08/30/26 16:27:24.649487 added talkgroup 19588 from /home/besquivel/rtl/lwin_clear_whitelist.txt
08/30/26 16:27:24.649490 added talkgroup 19589 from /home/besquivel/rtl/lwin_clear_whitelist.txt
08/30/26 16:27:24.649493 added talkgroup 19592 from /home/besquivel/rtl/lwin_clear_whitelist.txt
08/30/26 16:27:24.649495 added talkgroup 20001 from /home/besquivel/rtl/lwin_clear_whitelist.txt
08/30/26 16:27:24.649499 added talkgroup 20002 from /home/besquivel/rtl/lwin_clear_whitelist.txt
08/30/26 16:27:24.649502 added talkgroup 20013 from /home/besquivel/rtl/lwin_clear_whitelist.txt
08/30/26 16:27:24.649505 added talkgroup 20015 from /home/besquivel/rtl/lwin_clear_whitelist.txt
08/30/26 16:27:24.649507 added talkgroup 20016 from /home/besquivel/rtl/lwin_clear_whitelist.txt
08/30/26 16:27:24.649511 added talkgroup 20017 from /home/besquivel/rtl/lwin_clear_whitelist.txt
08/30/26 16:27:24.649513 added talkgroup 20018 from /home/besquivel/rtl/lwin_clear_whitelist.txt
08/30/26 16:27:24.649516 added talkgroup 20019 from /home/besquivel/rtl/lwin_clear_whitelist.txt
08/30/26 16:27:24.649518 added talkgroup 20023 from /home/besquivel/rtl/lwin_clear_whitelist.txt
08/30/26 16:27:24.649522 added talkgroup 20024 from /home/besquivel/rtl/lwin_clear_whitelist.txt
08/30/26 16:27:24.649524 added talkgroup 20025 from /home/besquivel/rtl/lwin_clear_whitelist.txt
08/30/26 16:27:24.649528 added talkgroup 20026 from /home/besquivel/rtl/lwin_clear_whitelist.txt
08/30/26 16:27:24.649530 added talkgroup 20027 from /home/besquivel/rtl/lwin_clear_whitelist.txt
08/30/26 16:27:24.649533 added talkgroup 20028 from /home/besquivel/rtl/lwin_clear_whitelist.txt
08/30/26 16:27:24.649536 added talkgroup 20029 from /home/besquivel/rtl/lwin_clear_whitelist.txt
08/30/26 16:27:24.649539 added talkgroup 20030 from /home/besquivel/rtl/lwin_clear_whitelist.txt
08/30/26 16:27:24.649542 added talkgroup 20031 from /home/besquivel/rtl/lwin_clear_whitelist.txt
08/30/26 16:27:24.649545 added talkgroup 20032 from /home/besquivel/rtl/lwin_clear_whitelist.txt
08/30/26 16:27:24.649547 added talkgroup 20033 from /home/besquivel/rtl/lwin_clear_whitelist.txt
08/30/26 16:27:24.649550 added talkgroup 20034 from /home/besquivel/rtl/lwin_clear_whitelist.txt
08/30/26 16:27:24.649554 added talkgroup 20037 from /home/besquivel/rtl/lwin_clear_whitelist.txt
08/30/26 16:27:24.649557 added talkgroup 20039 from /home/besquivel/rtl/lwin_clear_whitelist.txt
08/30/26 16:27:24.649559 added talkgroup 20040 from /home/besquivel/rtl/lwin_clear_whitelist.txt
08/30/26 16:27:24.649562 added talkgroup 20041 from /home/besquivel/rtl/lwin_clear_whitelist.txt
08/30/26 16:27:24.649565 added talkgroup 20042 from /home/besquivel/rtl/lwin_clear_whitelist.txt
08/30/26 16:27:24.649568 added talkgroup 20043 from /home/besquivel/rtl/lwin_clear_whitelist.txt
08/30/26 16:27:24.649570 added talkgroup 20044 from /home/besquivel/rtl/lwin_clear_whitelist.txt
08/30/26 16:27:24.649573 added talkgroup 20045 from /home/besquivel/rtl/lwin_clear_whitelist.txt
08/30/26 16:27:24.649576 added talkgroup 20046 from /home/besquivel/rtl/lwin_clear_whitelist.txt
08/30/26 16:27:24.649579 added talkgroup 20048 from /home/besquivel/rtl/lwin_clear_whitelist.txt
08/30/26 16:27:24.649582 added talkgroup 20049 from /home/besquivel/rtl/lwin_clear_whitelist.txt
08/30/26 16:27:24.649585 added talkgroup 20052 from /home/besquivel/rtl/lwin_clear_whitelist.txt
08/30/26 16:27:24.649588 added talkgroup 20053 from /home/besquivel/rtl/lwin_clear_whitelist.txt
08/30/26 16:27:24.649590 added talkgroup 20054 from /home/besquivel/rtl/lwin_clear_whitelist.txt
08/30/26 16:27:24.649593 added talkgroup 20055 from /home/besquivel/rtl/lwin_clear_whitelist.txt
08/30/26 16:27:24.649596 added talkgroup 20056 from /home/besquivel/rtl/lwin_clear_whitelist.txt
08/30/26 16:27:24.649599 added talkgroup 20057 from /home/besquivel/rtl/lwin_clear_whitelist.txt
08/30/26 16:27:24.649602 added talkgroup 20058 from /home/besquivel/rtl/lwin_clear_whitelist.txt
08/30/26 16:27:24.649605 added talkgroup 20059 from /home/besquivel/rtl/lwin_clear_whitelist.txt
08/30/26 16:27:24.649608 added talkgroup 20060 from /home/besquivel/rtl/lwin_clear_whitelist.txt
08/30/26 16:27:24.649611 added talkgroup 20061 from /home/besquivel/rtl/lwin_clear_whitelist.txt
08/30/26 16:27:24.649615 added talkgroup 20062 from /home/besquivel/rtl/lwin_clear_whitelist.txt
08/30/26 16:27:24.649618 added talkgroup 20063 from /home/besquivel/rtl/lwin_clear_whitelist.txt
08/30/26 16:27:24.649621 added talkgroup 20064 from /home/besquivel/rtl/lwin_clear_whitelist.txt
08/30/26 16:27:24.649624 added talkgroup 20065 from /home/besquivel/rtl/lwin_clear_whitelist.txt
08/30/26 16:27:24.649626 added talkgroup 20066 from /home/besquivel/rtl/lwin_clear_whitelist.txt
08/30/26 16:27:24.649629 added talkgroup 20067 from /home/besquivel/rtl/lwin_clear_whitelist.txt
08/30/26 16:27:24.649632 added talkgroup 20068 from /home/besquivel/rtl/lwin_clear_whitelist.txt
08/30/26 16:27:24.649635 added talkgroup 20069 from /home/besquivel/rtl/lwin_clear_whitelist.txt
08/30/26 16:27:24.649637 added talkgroup 20070 from /home/besquivel/rtl/lwin_clear_whitelist.txt
08/30/26 16:27:24.649640 added talkgroup 20071 from /home/besquivel/rtl/lwin_clear_whitelist.txt
08/30/26 16:27:24.649643 added talkgroup 20072 from /home/besquivel/rtl/lwin_clear_whitelist.txt
08/30/26 16:27:24.649646 added talkgroup 20073 from /home/besquivel/rtl/lwin_clear_whitelist.txt
08/30/26 16:27:24.649648 added talkgroup 20074 from /home/besquivel/rtl/lwin_clear_whitelist.txt
08/30/26 16:27:24.649651 added talkgroup 20075 from /home/besquivel/rtl/lwin_clear_whitelist.txt
08/30/26 16:27:24.649655 added talkgroup 20076 from /home/besquivel/rtl/lwin_clear_whitelist.txt
08/30/26 16:27:24.649657 added talkgroup 20077 from /home/besquivel/rtl/lwin_clear_whitelist.txt
08/30/26 16:27:24.649660 added talkgroup 31640 from /home/besquivel/rtl/lwin_clear_whitelist.txt
08/30/26 16:27:24.649663 added talkgroup 31641 from /home/besquivel/rtl/lwin_clear_whitelist.txt
08/30/26 16:27:24.649666 added talkgroup 31642 from /home/besquivel/rtl/lwin_clear_whitelist.txt
08/30/26 16:27:24.649669 added talkgroup 31643 from /home/besquivel/rtl/lwin_clear_whitelist.txt
08/30/26 16:27:24.649671 added talkgroup 31644 from /home/besquivel/rtl/lwin_clear_whitelist.txt
08/30/26 16:27:24.649674 added talkgroup 31645 from /home/besquivel/rtl/lwin_clear_whitelist.txt
08/30/26 16:27:24.649677 added talkgroup 31646 from /home/besquivel/rtl/lwin_clear_whitelist.txt
08/30/26 16:27:24.649680 added talkgroup 31647 from /home/besquivel/rtl/lwin_clear_whitelist.txt
08/30/26 16:27:24.649683 added talkgroup 31648 from /home/besquivel/rtl/lwin_clear_whitelist.txt
08/30/26 16:27:24.649685 added talkgroup 31998 from /home/besquivel/rtl/lwin_clear_whitelist.txt
08/30/26 16:27:24.649688 added talkgroup 31999 from /home/besquivel/rtl/lwin_clear_whitelist.txt
08/30/26 16:27:24.649692 added talkgroup 41548 from /home/besquivel/rtl/lwin_clear_whitelist.txt
08/30/26 16:27:24.649695 added talkgroup 41549 from /home/besquivel/rtl/lwin_clear_whitelist.txt
08/30/26 16:27:24.649701 added talkgroup 41550 from /home/besquivel/rtl/lwin_clear_whitelist.txt
08/30/26 16:27:24.649704 added talkgroup 41551 from /home/besquivel/rtl/lwin_clear_whitelist.txt
08/30/26 16:27:24.649707 added talkgroup 41600 from /home/besquivel/rtl/lwin_clear_whitelist.txt
08/30/26 16:27:24.649709 added talkgroup 41601 from /home/besquivel/rtl/lwin_clear_whitelist.txt
08/30/26 16:27:24.649713 added talkgroup 41602 from /home/besquivel/rtl/lwin_clear_whitelist.txt
08/30/26 16:27:24.649716 added talkgroup 41603 from /home/besquivel/rtl/lwin_clear_whitelist.txt
08/30/26 16:27:24.649719 added talkgroup 41608 from /home/besquivel/rtl/lwin_clear_whitelist.txt
08/30/26 16:27:24.649722 added talkgroup 41609 from /home/besquivel/rtl/lwin_clear_whitelist.txt
08/30/26 16:27:24.649725 added talkgroup 41610 from /home/besquivel/rtl/lwin_clear_whitelist.txt
08/30/26 16:27:24.649728 added talkgroup 41611 from /home/besquivel/rtl/lwin_clear_whitelist.txt
08/30/26 16:27:24.649731 added talkgroup 41628 from /home/besquivel/rtl/lwin_clear_whitelist.txt
08/30/26 16:27:24.649734 added talkgroup 41629 from /home/besquivel/rtl/lwin_clear_whitelist.txt
08/30/26 16:27:24.649737 added talkgroup 41630 from /home/besquivel/rtl/lwin_clear_whitelist.txt
08/30/26 16:27:24.649740 added talkgroup 41631 from /home/besquivel/rtl/lwin_clear_whitelist.txt
08/30/26 16:27:24.649744 added talkgroup 41660 from /home/besquivel/rtl/lwin_clear_whitelist.txt
08/30/26 16:27:24.649746 added talkgroup 41661 from /home/besquivel/rtl/lwin_clear_whitelist.txt
08/30/26 16:27:24.649750 added talkgroup 41662 from /home/besquivel/rtl/lwin_clear_whitelist.txt
08/30/26 16:27:24.649752 added talkgroup 41663 from /home/besquivel/rtl/lwin_clear_whitelist.txt
08/30/26 16:27:24.649756 added talkgroup 41688 from /home/besquivel/rtl/lwin_clear_whitelist.txt
08/30/26 16:27:24.649759 added talkgroup 41689 from /home/besquivel/rtl/lwin_clear_whitelist.txt
08/30/26 16:27:24.649761 added talkgroup 41690 from /home/besquivel/rtl/lwin_clear_whitelist.txt
08/30/26 16:27:24.649765 added talkgroup 41691 from /home/besquivel/rtl/lwin_clear_whitelist.txt
08/30/26 16:27:24.649768 added talkgroup 41780 from /home/besquivel/rtl/lwin_clear_whitelist.txt
08/30/26 16:27:24.649771 added talkgroup 41781 from /home/besquivel/rtl/lwin_clear_whitelist.txt
08/30/26 16:27:24.649775 added talkgroup 41782 from /home/besquivel/rtl/lwin_clear_whitelist.txt
08/30/26 16:27:24.649777 added talkgroup 41783 from /home/besquivel/rtl/lwin_clear_whitelist.txt
08/30/26 16:27:24.649781 added talkgroup 41788 from /home/besquivel/rtl/lwin_clear_whitelist.txt
08/30/26 16:27:24.649783 added talkgroup 41789 from /home/besquivel/rtl/lwin_clear_whitelist.txt
08/30/26 16:27:24.649786 added talkgroup 41790 from /home/besquivel/rtl/lwin_clear_whitelist.txt
08/30/26 16:27:24.649789 added talkgroup 41791 from /home/besquivel/rtl/lwin_clear_whitelist.txt
08/30/26 16:27:24.649792 added talkgroup 48084 from /home/besquivel/rtl/lwin_clear_whitelist.txt
08/30/26 16:27:24.649795 added talkgroup 48085 from /home/besquivel/rtl/lwin_clear_whitelist.txt
08/30/26 16:27:24.649798 added talkgroup 51505 from /home/besquivel/rtl/lwin_clear_whitelist.txt
08/30/26 16:27:24.649801 added talkgroup 51614 from /home/besquivel/rtl/lwin_clear_whitelist.txt
08/30/26 16:27:24.649804 added talkgroup 51615 from /home/besquivel/rtl/lwin_clear_whitelist.txt
08/30/26 16:27:24.649806 added talkgroup 51620 from /home/besquivel/rtl/lwin_clear_whitelist.txt
08/30/26 16:27:24.649809 added talkgroup 51623 from /home/besquivel/rtl/lwin_clear_whitelist.txt
[?1049h[22;0;0t[1;24r(B[m[4l[?7h[?1h=[?1h=metadata update not enabled
[H[2J(B[0;7m                                      OP25                                     (B[m[24d(B[0;7m    (f)req (h)old (s)kip (l)ock (W)list (B)list (q)uit (1-6)plot (,.<>)tune    (B[mpython version detected: 3.14.4 (main, Jun 18 2026, 14:25:02) [GCC 15.2.0]
[2dNAC 0x1bd WACN 0x-1 SYSID 0x-1 0.000000/0.000000 tsbks 0[3d[22;66H[2d[22dFrequency 773.056250(0)(0Hz)[23d[2d08/30/26 16:27:25.246580 voice update:  tg(19592), freq(852037500), slot(-), prio(3)
[2;56H12[3d[22;66H[2d[22;25H-109Hz)[23d[2d08/30/26 16:27:25.511250 duid15, tg(19592)
[2;56H20[3dvoice freq 852.037500, active tgids [   19592   ], last seen  0.4s, count 1[4dvoice freq 856.237500, active tgids [   17052   ], last seen  0.4s, count 1[22;66H[2d[22;26H210Hz)[23d[2d08/30/26 16:27:25.775285 hold active tg(19592)
08/30/26 16:27:25.845778 hold active tg(19592)
08/30/26 16:27:25.845828 hold active tg(19592)
08/30/26 16:27:25.976624 hold active tg(19592)
08/30/26 16:27:25.976696 hold active tg(19592)
08/30/26 16:27:26.168221 hold active tg(19592)
[2;56H38[3;14H1.8[3;42H7050[3;65H2[75G3[4;14H2.0[4;42H959[4;65H9[5dvoice freq 856.237500, active tgids [   17052   ], last seen  0.2s, count 3[22;66H[2d[22;27H86Hz)[23d[2d08/30/26 16:27:26.299139 hold active tg(19592)
08/30/26 16:27:26.560884 hold active tg(19592)
08/30/26 16:27:26.691819 hold active tg(19592)
[2;18Hbee00 SYSID 0x1bd 773.056250/803.056250 tsbks 59[3;12H769.68125[3;41H 6217[3;65H4[75G1[4;14H1.8[4;42H7050[4;65H1[75G5[5;14H2.0[5;41H     [5;63H1.4[75G1[6dvoice freq 856.237500, active tgids [   17052   ], last seen  0.1s, count 5[22;66H[2d[22;26H340Hz)[23d[2d08/30/26 16:27:26.822720 hold active tg(19592)
08/30/26 16:27:27.215482 hold active tg(19592)
[2;64H80[3d3[75G3[4;65H3[75G6[5;65H9[6d5[75G6[22;66H[2d[22;27H94Hz)[23d[2d[2;64H98[3d1[75G5[4;65H8[5;63H2.4[6d1[75G8[22;66H[2d[22;26H430Hz)[23d[2d[2;64H119[3d3[75G6[4;41H     [4;63H1.3[5d9[6d3[75G9[22;66H[2d[22;27H69Hz)[23d[2d08/30/26 16:27:28.393598 voice update:  tg(19592), freq(852562500), slot(-), prio(3)
08/30/26 16:27:28.527391 duid15, tg(19592)
08/30/26 16:27:28.661512 hold active tg(19592)
[2;65H31[3d5[75G7[4;65H8[5;63H3.4[6;14H2.562[6;42H959[75G1[7dvoice freq 856.237500, active tgids [   17052   ], last seen  0.5s, count 10[22;66H[2d[22;26H503Hz)[23d[2d08/30/26 16:27:28.923389 hold active tg(19592)
08/30/26 16:27:28.923440 voice update:  tg(19592), freq(852562500), slot(-), prio(3)
[2;65H44[3;75H8[4;63H2.3[5d9[6d2[75G2[7;65H2[76G2[22;66H[2d[22;11H852.56250[27G25Hz) Talkgroup ID 19592[23d[2d[2;66H6[3;63H1.0[4d8[5;63H4.4[6d7[7d7[77G[22;74H245879[2d[22;27H74[22;51H[23d[2d[2;66H7[3;42H    [3;65H5[4;63H3.3[5d9[6;63H1.2[7;41H     [7;63H1.2[77G[22;80H[2d[22;26H608[22;51H[23d[2d[2;67H[3;63H2.0[4d9[5;63H5.4[6d7[7d7[77G[22;80H[2d[22;27H53[22;51H[23d[2d[2;66H9[3d5[4;63H4.4[5d9[6;63H2.3[7;63H2.3[77G[22;80H[2d[22;27H92[22;51H[23d[2d[2;65H50[3;63H3.0[4d8[5;63H6.4[6d7[7d7[77G[22;80H[2d[22;26H714[22;51H[23d[2d[2;66H2[3d5[4;63H5.3[5d9[6;63H3.2[7;63H3.2[77G[22;80H[2d[22;28H9[22;51H[23d[2d08/30/26 16:27:32.719733 duid15, tg(19592)
[2;66H3[3;63H4.0[4d9[5;63H7.4[6d8[7d8[77G[22;80H[2d[22;27H07[22;51H[23d[2d08/30/26 16:27:33.054842 hold active tg(19592)
08/30/26 16:27:33.054892 voice update:  tg(19592), freq(852562500), slot(-), prio(3)
08/30/26 16:27:33.178114 duid15, tg(19592)
[2;65H65[3d5[4;63H6.4[5d9[6;63H0.1[75G3[7;41H17052[7;63H0.1[76G3[22;74H[K[22;66H[2d[22;26H695[22;51H[23d[2d08/30/26 16:27:33.312201 hold active tg(19592)
08/30/26 16:27:33.312253 voice update:  tg(19592), freq(852562500), slot(-), prio(3)
08/30/26 16:27:33.445218 duid15, tg(19592)
08/30/26 16:27:33.578373 hold active tg(19592)
08/30/26 16:27:33.638857 hold active tg(19592)
08/30/26 16:27:33.638938 hold active tg(19592)
08/30/26 16:27:33.638950 voice update:  tg(19592), freq(852562500), slot(-), prio(3)
[2;65H74[3;63H5.0[4d8[5;63H8.4[6d0[75G5[7;14H2.7500[7;45H0[7;65H0[75G2[K[8dvoice freq 856.237500, active tgids [   17052   ], last seen  0.0s, count 14[22;66H[2d[22;28H2[22;51H[23d[2d[2;67H[3d5[4;63H7.4[5d9[6d5[7d5[8d5[77G[22;66H[2d[22;26H71[22;51H[23d[2d[2;66H5[3;63H6.0[4d9[5;63H9.4[6;63H1.0[7;63H1.0[8;63H1.0[77G[22;74H245716[2d[22;27H00[22;51H[23d[2d[2;66H6[3d5[4;63H8.4[5d9[6d5[7;41H     [7;65H5[8;41H     [8;65H5[77G[22;80H[2d[22;28H8[22;51H[23d[2d[2;66H8[3;63H7.0[4d9[5;62H10.4[6;63H2.0[7;63H2.0[8;63H2.0[77G[22;80H[2d[22;27H1[22;51H[23d[2d08/30/26 16:27:36.196729 duid15, tg(19592)
[2;66H9[3d5[4;63H9.4[5d9[6d5[7d5[8d5[77G[22;80H[2d[22;27H07[22;51H[23d[2d08/30/26 16:27:36.390516 hold active tg(19592)
08/30/26 16:27:36.390554 voice update:  tg(19592), freq(852562500), slot(-), prio(3)
08/30/26 16:27:36.584425 duid15, tg(19592)
08/30/26 16:27:36.718159 hold active tg(19592)
[2;65H83[3;63H8.0[4d9[5;63H1.4[6;63H0.3[75G6[7;41H17050[7;63H0.3[75G3[8;63H3.0[77G[22;74H[K[22;66H[2d[22;11H773.05625[26G698Hz)[K[23d[2d08/30/26 16:27:36.849058 hold active tg(19592)
08/30/26 16:27:36.849100 voice update:  tg(19592), freq(852562500), slot(-), prio(3)
08/30/26 16:27:36.911669 duid15, tg(19592)
08/30/26 16:27:37.115737 hold active tg(19592)
08/30/26 16:27:37.176187 hold active tg(19592)
[2;65H96[3d5[4;62H10.4[5d9[6;16H3500[6;42H8513[6;65H1[75G2[7;16H5625[7;42H9592[75G7[8;14H2.7500[8;41H17050[8;63H0[75G5[K[9dvoice freq 856.237500, active tgids [   17052   ], last seen  0.0s, count 17[22;66H[2d[22;27H86Hz)[23d[2d08/30/26 16:27:37.437984 hold active tg(19592)
08/30/26 16:27:37.508565 hold active tg(19592)
08/30/26 16:27:37.770386 hold active tg(19592)
[2;64H214[3;63H9.0[4d9[5;63H2.4[6d2[75G4[7;65H8[8d3[75G6[9;65H2[76G8[22;66H[2d[22;28H3Hz)[23d[2d08/30/26 16:27:37.901292 hold active tg(19592)
08/30/26 16:27:38.163191 hold active tg(19592)
08/30/26 16:27:38.223663 hold active tg(19592)
[2;65H35[3d5[4;63H1.4[5d9[6d0[75G6[7;41H     [7;63H1.3[8;75H8[9;65H0[75G20[22;66H[2d[22;27H73Hz)[23d[2d08/30/26 16:27:38.555877 hold active tg(19592)
08/30/26 16:27:38.616351 hold active tg(19592)
08/30/26 16:27:38.686881 hold active tg(19592)
08/30/26 16:27:38.747333 hold active tg(19592)
08/30/26 16:27:38.747383 hold active tg(19592)
[2;65H53[3;62H10.0[4d9[5;63H3.4[6d1[75G8[7;65H8[8d1[75G10[9;65H1[76G2[22;66H[2d[22;27H63Hz)[23d[2d08/30/26 16:27:38.817826 hold active tg(19592)
08/30/26 16:27:39.079646 voice update:  tg(18513), freq(852350000), slot(-), prio(3)
[2;65H70[3d5[4;63H2.4[5d9[6;75H12[7;63H2.3[8d6[9;76H4[22;66H[2d[22;11H852.35000[27G59Hz) Talkgroup ID 18513[23d[2d[2;67H[3;63H1.0[4d9[5;63H4.4[6d6[7d8[8;63H1.1[9d6[77G[22;66H[2d[22;27H91[22;51H[23d[2d[2;67H[3d5[4;63H3.4[5d9[6;63H1.1[7;63H3.3[8;41H     [8;65H6[9;63H1.1[77G[22;66H[2d[22;27H88[22;51H[23d[2d08/30/26 16:27:40.450354 duid15, tg(18513)
08/30/26 16:27:40.714881 hold active tg(18513)
08/30/26 16:27:40.714919 voice update:  tg(18513), freq(852350000), slot(-), prio(3)
[2;66H7[3;63H2.0[4d9[5;63H5.4[6;41H     [6;65H6[7d8[8;63H2.1[9;41H     [9;65H6[77G[22;66H[2d[22;11H773.05625[27G76Hz)[K[23d[2d08/30/26 16:27:41.109396 duid15, tg(18513)
08/30/26 16:27:41.243023 hold active tg(18513)
08/30/26 16:27:41.243092 hold active tg(18513)
[2;66H9[3d5[4;63H4.4[5d9[6;41H18513[6;63H0.5[76G3[7;63H4.3[8;41H17050[8;63H0.5[76G1[9;63H2.1[77G[22;66H[2d[22;27H83Hz)[23d[2d08/30/26 16:27:41.303507 hold active tg(18513)
08/30/26 16:27:41.635796 hold active tg(18513)
08/30/26 16:27:41.696293 hold active tg(18513)
[2;65H97[3;63H3.0[4d9[5;63H6.4[6;16H1[6;42H9592[6;65H4[75G2[K[7;16H3500[7;41H18513[7;63H1.0[75G13[8;16H5625[8;41H     [8;63H4.8[75G7[K[9;14H2.7500[9;41H17050[9;63H0[75G13[10dvoice freq 856.237500, active tgids [   17052   ], last seen  0.1s, count 26[22;66H[2d[22;27H71Hz)[23d[2d08/30/26 16:27:42.028512 hold active tg(18513)
08/30/26 16:27:42.089010 hold active tg(18513)
[2;64H318[3d5[4;63H5.4[5d9[6d1[75G4[7;41H     [7;65H5[8;63H5.3[9d2[76G4[10;65H2[76G7[22;66H[2d[22;27H62Hz)[23d[2d08/30/26 16:27:42.351014 hold active tg(18513)
08/30/26 16:27:42.351089 hold active tg(18513)
08/30/26 16:27:42.683400 hold active tg(18513)
08/30/26 16:27:42.753996 hold active tg(18513)
[2;65H39[3;63H4.0[4d9[5;63H7.4[6d3[75G5[7;63H2.0[8d8[9d0[76G6[10;65H3[76G8[22;66H[2d[22;27H50Hz)[23d[2d08/30/26 16:27:42.814496 hold active tg(18513)
08/30/26 16:27:42.885102 hold active tg(18513)
08/30/26 16:27:42.885174 hold active tg(18513)
08/30/26 16:27:43.207467 voice update:  tg(18513), freq(770756250), slot(-), prio(3)
[2;65H57[3d5[4;63H6.4[5d9[6;75H7[7;65H5[8;63H6.3[9d3[76G8[10d30[22;66H[2d[22;27H43Hz)[23d[2d08/30/26 16:27:43.340969 duid15, tg(18513)
08/30/26 16:27:43.474080 hold active tg(18513)
08/30/26 16:27:43.605012 hold active tg(18513)
08/30/26 16:27:43.665480 hold active tg(18513)
08/30/26 16:27:43.665535 hold active tg(18513)
08/30/26 16:27:43.665542 voice update:  tg(18513), freq(770756250), slot(-), prio(3)
[2;65H69[3;63H5.0[4;12H770.75625[4;41H18513[4;62H 0.0[75G2[5;14H1.8[5;63H6[75G6[6;16H0375[6;41H     [6;62H18.5[75G1[7;16H1[7;41H19592[7;63H0.0[75G8[K[8;16H3500[8;63H3.0[75G13[9;16H5625[9;41H     [9;63H6.8[75G7[K[10;14H2.7500[10;45H0[10;65H0[75G19[11dvoice freq 852.987500, active tgids [   17051   ], last seen  0.1s, count 2[12dvoice freq 856.237500, active tgids [   17052   ], last seen  0.0s, count 31[22;66H[2d[22;13H0.7[22;33HTalkgroup ID 18513[23d[2d[2;65H70[3d5[4d5[5;63H7.4[6;63H9.0[7d5[8d5[9;63H7.4[10d5[11d6[12d5[77G[22;66H[2d[22;27H29[22;51H[23d[2d[2;66H1[3;63H6.0[4;63H1.0[5d9[6d4[7;63H1.0[8;63H4.0[9d8[10;63H1.0[11;63H1.1[12;63H1.0[77G[22;72H10001063[2d[22;28H3[22;51H[23d[2d[2;66H3[3d5[4d5[5;63H8.4[6;62H20.0[7;41H     [7;65H5[8d5[9;63H8.3[10;41H     [10;65H5[11;41H     [11;65H6[12;41H     [12;65H5[77G[22;80H[2d[22;28H7[22;51H[23d[2d[2;66H4[3;63H7.0[4;63H2.0[5d9[6d5[7;63H2.0[8;63H5.0[9d9[10;63H2.0[11;63H2.1[12;63H2.0[77G[22;80H[2d[22;27H34[22;51H[23d[2d[2;66H5[3d5[4d5[5;63H9.4[6;63H1.0[7d5[8d5[9;63H9.4[10d5[11d6[12d5[77G[22;80H[2d[22;27H29[22;51H[23d[2d[2;66H7[3;63H8.0[4;63H3.0[5d9[6d5[7;63H3.0[8;63H6.0[9d9[10;63H3.0[11;63H3.1[12;63H3.0[77G[22;80H[2d[22;28H6[22;51H[23d[2d08/30/26 16:27:46.948374 duid15, tg(18513)
08/30/26 16:27:47.072079 hold active tg(18513)
08/30/26 16:27:47.142642 hold active tg(18513)
08/30/26 16:27:47.273609 hold active tg(18513)
08/30/26 16:27:47.273707 hold active tg(18513)
08/30/26 16:27:47.273719 voice update:  tg(18513), freq(770756250), slot(-), prio(3)
[2;65H84[3d5[4;41H     [4;65H5[5;62H20.4[6;63H2.0[7;41H19592[7;63H0.1[75G9[8;65H5[9;62H10.4[10d5[11d6[12;41H17052[12;63H0.1[76G2[13dvoice freq 860.237500, active tgids [   20039   ], last seen  0.1s, count 1[22;72H[K[66G[2d[22;13H3.0[22;27H31Hz)[K[23d[2d08/30/26 16:27:47.407024 duid15, tg(18513)
08/30/26 16:27:47.530945 hold active tg(18513)
08/30/26 16:27:47.661928 hold active tg(18513)
08/30/26 16:27:47.661967 voice update:  tg(18513), freq(770756250), slot(-), prio(3)
[2;65H93[3;63H9.0[4;41H18513[4;63H0.0[75G4[5;65H9[6d5[7d2[75G10[8;63H7.0[9d9[10;63H4.0[11;63H4.1[12d0[76G4[13;65H2[75G3[22;66H[2d[22;13H0.7[22;27H28Hz) Talkgroup ID 18513[23d[2d[2;67H[3d5[4d5[5;63H1.4[6;63H3.0[7d7[8d5[9;63H1.4[10d5[11d6[12d5[13d7[76G[22;66H[2d[22;27H1[22;51H[23d[2d[2;66H5[3;62H20.0[4;63H1.0[5d9[6d5[7;63H1.2[8;63H8.0[9d9[10;63H5.0[11;63H5.1[12;63H1.0[13;63H1.2[76G[22d235415[2d[22;28H3[22;51H[23d[2d[2;66H6[3d5[4d5[5;63H2.4[6;63H4.0[7;41H     [7;65H7[8d5[9;63H2.4[10d5[11d6[12;41H     [12;65H5[13;41H     [13;65H7[76G[22;80H[2d[22;28H6[22;51H[23d[2d[2;66H8[3;63H1.1[4;63H2.1[5d9[6d5[7;63H2.2[8;63H9.0[9d9[10;63H6.0[11;63H6.1[12;63H2.1[13;63H2.2[76G[22;80H[2d[22;27H24[22;51H[23d[2d[2;66H9[3d5[4d5[5;63H3.4[6;63H5.0[7d7[8d5[9;63H3.4[10d5[11d6[12d5[13d7[76G[22;80H[2d[22;51H[23d[2d08/30/26 16:27:50.611352 duid15, tg(18513)
08/30/26 16:27:50.744973 hold active tg(18513)
08/30/26 16:27:50.745031 hold active tg(18513)
[2;64H400[3;63H2.0[4;41H     [4;63H3.0[5d9[6d5[7;63H3.2[8;62H10.0[9d9[10;63H7.0[11;63H7.1[12;63H3.0[13;63H3.2[76G[22d[K[22;66H[2d[22;13H3.0[22;28H2Hz)[K[23d[2d08/30/26 16:27:50.875953 hold active tg(18513)
08/30/26 16:27:50.876005 voice update:  tg(18513), freq(770756250), slot(-), prio(3)
08/30/26 16:27:51.009880 duid15, tg(18513)
08/30/26 16:27:51.132885 hold active tg(18513)
[2;65H10[3d6[4;41H18513[4;63H0.3[75G5[5;16H28[5;41H20039[5;62H 0.5[75G1[6;14H1.8[6;63H4.4[75G6[7;16H0375[7;62H26.0[76G[K[8;16H1[8;41H19592[8;62H 0.1[76G1[9;16H3500[9;63H0.5[75G13[10;16H5625[10;62H14.4[75G7[K[11;16H7500[11;65H5[75G19[12;14H2.98[12;63H7.6[75G2[K[13;13H56[13;41H17052[13;63H0.5[76G5[14dvoice freq 856.462500, active tgids [    6217   ], last seen  0.3s, count 1[15dvoice freq 858.237500, active tgids [   17167   ], last seen  0.1s, count 2[16dvoice freq 860.237500, active tgids [[16;49H], last seen  3.7s, count 3[22;66H[2d[22;27H18Hz)[23d[2d08/30/26 16:27:51.394957 hold active tg(18513)
08/30/26 16:27:51.395005 hold active tg(18513)
08/30/26 16:27:51.465521 hold active tg(18513)
08/30/26 16:27:51.525982 hold active tg(18513)
08/30/26 16:27:51.526039 hold active tg(18513)
08/30/26 16:27:51.526052 hold active tg(18513)
08/30/26 16:27:51.667018 hold active tg(18513)
[2;65H28[3;63H3.1[4d8[5d2[75G4[6;65H9[7d5[8d0[76G3[9;63H1.0[10d9[11;63H8.1[12;63H8.1[13;63H1.0[14d0[75G4[15;65H2[75G4[16;63H4.2[76G[22;66H[2d[22;28H9Hz)[23d[2d08/30/26 16:27:51.928953 hold active tg(18513)
08/30/26 16:27:51.989446 hold active tg(18513)
08/30/26 16:27:52.251220 hold active tg(18513)
[2;65H49[3d5[4;41H     [4;63H1.3[5d3[75G5[6;63H5.4[7;63H7.0[8d2[76G4[9;65H5[10;63H5.4[11d5[12d6[13;41H     [13;65H5[14d5[15;75H6[16;65H7[76G[22;66H[2d[22;27H23Hz)[23d[2d08/30/26 16:27:52.321739 hold active tg(18513)
08/30/26 16:27:52.513055 hold active tg(18513)
08/30/26 16:27:52.513088 voice update:  tg(18513), freq(852912500), slot(-), prio(3)
08/30/26 16:27:52.646756 duid15, tg(18513)
08/30/26 16:27:52.779878 hold active tg(18513)
[2;65H61[3;63H4.1[4d8[5d4[75G7[6;65H9[7d5[8d5[76G5[9;63H2.0[10d9[11;63H9.0[12;17H12[12;41H18513[12;63H0.2[75G1[13;14H2.98[13;63H9.1[75G2[K[14;16H237[14;42H    [14;63H2.0[75G35[15;14H6.462[15;41H 621[15;63H1.0[75G4[16;13H58[16;41H17167[16;63H0.4[75G7[17dvoice freq 860.237500, active tgids [[17;49H], last seen  5.2s, count 3[22;66H[2d[22;27H30Hz)[23d[2d08/30/26 16:27:52.971291 hold active tg(18513)
08/30/26 16:27:52.971344 voice update:  tg(18513), freq(852912500), slot(-), prio(3)
[2;66H8[3d6[4;63H2.3[5d2[75G8[6;63H6.4[7;63H8.0[8d4[76G6[9;65H5[10;63H6.4[11d6[12;75H2[13;65H6[14d5[15;42H    [15;65H5[16;75H8[17;65H7[76G[22;66H[2d[22;11H852.91250[27G29Hz) Talkgroup ID 18513[23d[2d08/30/26 16:27:53.627769 duid15, tg(18513)
[2;66H9[3;63H5.1[4d8[5d7[6d9[7d5[8d9[9;63H3.0[10d9[11;62H10.1[12d7[13;62H10.1[14;63H3.0[15;63H2.1[16d9[17;63H6.2[76G[22;66H[2d[22;11H773.05625[27G44Hz)[K[23d[2d08/30/26 16:27:53.892034 hold active tg(18513)
08/30/26 16:27:54.022984 hold active tg(18513)
08/30/26 16:27:54.083402 hold active tg(18513)
08/30/26 16:27:54.153896 hold active tg(18513)
08/30/26 16:27:54.153946 hold active tg(18513)
08/30/26 16:27:54.284881 hold active tg(18513)
[2;65H87[3d6[4;63H3.3[5d1[75G10[6;63H7.4[7;63H9.0[8d1[76G8[9;65H5[10;63H7.4[11d5[12;41H     [12;63H1.2[13d6[14d5[15d5[16;14H7[16;43H051[16;65H1[75G3[17;13H58[17;63H1.4[75G8[18dvoice freq 860.237500, active tgids [[18;49H], last seen  6.7s, count 3[22;66H[2d[22;28H6Hz)[23d[2d08/30/26 16:27:54.546581 hold active tg(18513)
08/30/26 16:27:54.677551 hold active tg(18513)
[2;64H508[3;63H6.1[4d8[5d2[76G2[6;65H9[7d5[8d0[75G20[9;63H4.0[10d9[11;63H1.1[12d7[13;63H1.1[14;63H4.0[15;63H3.1[16d0[75G5[17;65H9[18;63H7.2[76G[22;66H[2d[22;28H4Hz)[23d[2d08/30/26 16:27:54.868927 hold active tg(18513)
08/30/26 16:27:55.070313 hold active tg(18513)
08/30/26 16:27:55.261790 hold active tg(18513)
[2;65H29[3d6[4;63H4.3[5;76H4[6;63H8.4[7;62H30.0[8d4[76G1[9;65H5[10;63H8.4[11d6[12;63H2.2[13d6[14d5[15d6[16d2[75G6[17;63H2.4[18d7[76G[22;66H[2d[22;28H9Hz)[23d[2d08/30/26 16:27:55.392784 hold active tg(18513)
08/30/26 16:27:55.664490 voice update:  tg(20039), freq(851287500), slot(-), prio(3)
[2;65H46[3;63H7.1[4d8[5d1[76G6[6;65H9[7d5[8d3[76G3[9;63H5.0[10d9[11;63H2.1[12d8[13;63H2.1[14;63H5.0[15;63H4.1[16d1[75G8[17;65H9[18;63H8.2[76G[22;66H[2d[22;11H851.28750[22;28H6Hz) Talkgroup ID 20039[23d[2d[2;67H[3d6[4;63H5.4[5d6[6;63H9.4[7;63H1.0[8d8[9d5[10;63H9.4[11d6[12;63H3.3[13d6[14d5[15d6[16d6[17;63H3.4[18d7[76G[22;66H[2d[22;27H79[22;51H[23d[2d[2;66H8[3;63H8.1[4d8[5;63H1.1[6d9[7d5[8;41H     [8;63H1.3[9;63H6.0[10d9[11;63H3.1[12d7[13;63H3.1[14;63H6.0[15;63H5.1[16;63H1.1[17d9[18;63H9.2[76G[22d251037[2d[22;27H80[22;51H[23d[2d[2;67H[3d6[4;63H6.3[5d6[6;62H30.4[7;63H2.0[8d8[9d5[10;62H20.4[11d6[12;63H4.3[13d6[14d5[15d6[16;41H     [16;65H6[17;63H4.4[18d7[76G[22;80H[2d[22;27H75[22;51H[23d[2d[2;67H[3;63H9.1[4d9[5;63H2.1[6d9[7d5[8;63H2.3[9;63H7.0[10d9[11;63H4.1[12d8[13;63H4.1[14;63H7.0[15;63H6.1[16;63H2.1[17d9[18;62H10.2[76G[22;80H[2d[22;26H708[22;51H[23d[2d[2;67H[3d6[4;63H7.4[5d6[6;63H1.4[7;63H3.0[8d8[9d5[10;63H1.4[11d6[12;63H5.3[13d6[14d5[15d6[16d6[17;63H5.4[18d7[76G[22;80H[2d[22;28H4[22;51H[23d[2d08/30/26 16:27:58.472606 duid15, tg(20039)
08/30/26 16:27:58.736519 hold active tg(20039)
[2;65H52[3;62H30.1[4d8[5;41H     [5;63H3.1[6d9[7d5[8;63H3.3[9;63H8.0[10d9[11;63H5.1[12d8[13;63H5.1[14;63H8.0[15;63H7.1[16;63H3.1[17d9[18;63H1.2[76G[22d[K[22;66H[2d[22;11H773.05625[26G698Hz)[K[23d[2d08/30/26 16:27:58.867437 hold active tg(20039)
08/30/26 16:27:58.867481 voice update:  tg(20039), freq(851287500), slot(-), prio(3)
08/30/26 16:27:59.071023 duid15, tg(20039)
08/30/26 16:27:59.264944 hold active tg(20039)
[2;66H9[3d6[4;63H8.4[5;41H20039[5;63H0.4[76G7[6;63H2.4[7;63H4.0[8;41H19592[8;63H0.4[76G5[9;65H5[10;63H2.4[11d6[12;63H6.3[13d6[14d5[15d6[16;41H17051[16;63H0.5[75G9[17;63H6.4[18d7[76G[22;66H[2d[22;28H6Hz)[23d[2d08/30/26 16:27:59.325430 hold active tg(20039)
08/30/26 16:27:59.325485 hold active tg(20039)
08/30/26 16:27:59.396043 hold active tg(20039)
08/30/26 16:27:59.456558 hold active tg(20039)
08/30/26 16:27:59.718389 hold active tg(20039)
08/30/26 16:27:59.788954 hold active tg(20039)
[2;65H80[3;63H1.1[4d9[5d9[6d9[7;41H17167[7;62H 0[75G2[8;65H3[76G9[9;63H9.0[10d9[11;63H6.1[12d8[13;63H6.1[14;63H9.0[15;63H8.1[16d3[75G11[17;65H9[18;63H2.2[76G[22;66H[2d[22;27H80Hz)[23d[2d08/30/26 16:27:59.849483 hold active tg(20039)
08/30/26 16:27:59.849576 hold active tg(20039)
08/30/26 16:27:59.920099 hold active tg(20039)
08/30/26 16:28:00.242315 hold active tg(20039)
08/30/26 16:28:00.312878 hold active tg(20039)
[2;65H98[3d6[4;63H9.4[5;41H     [5;63H1.4[6;63H3.4[7d4[75G4[8d31[9;65H5[10;63H3.4[11d6[12;63H7.3[13d6[14d5[15d6[16;76H3[17;63H7.5[18d7[76G[22;66H[2d[22;27H70Hz)[23d[2d08/30/26 16:28:00.574715 hold active tg(20039)
08/30/26 16:28:00.645303 hold active tg(20039)
[2;64H619[3;63H2.1[4d9[5d9[6d9[7d1[75G7[8;65H2[76G3[9;62H20.0[10d9[11;63H7.1[12d8[13;63H7.1[14;62H10.0[15;63H9.1[16d1[76G6[17;63H8.0[18;63H3.2[76G[22;66H[2d[22;27H59Hz)[23d[2d08/30/26 16:28:00.907267 hold active tg(20039)
08/30/26 16:28:00.907307 voice update:  tg(20039), freq(851837500), slot(-), prio(3)
08/30/26 16:28:01.030532 duid15, tg(20039)
08/30/26 16:28:01.163716 hold active tg(20039)
08/30/26 16:28:01.163757 voice update:  tg(20039), freq(851837500), slot(-), prio(3)
[2;65H28[3d6[4;62H10.4[5;63H2.4[6;41H20039[6;62H 0.1[75G8[7;65H6[8d7[9d5[10;63H4.4[11d6[12;63H8.3[13d6[14d5[15d6[16;76H7[17;65H4[18d7[76G[22;66H[2d[22;11H851.83750[27G66Hz) Talkgroup ID 20039[23d[2d[2;67H[3;63H3.1[4d9[5d9[6d6[7;63H1.1[8;63H1.2[9;63H1.0[10d9[11;63H8.1[12d8[13;63H8.1[14;63H1.0[15;62H10.1[16d6[17;63H9.0[18;63H4.2[76G[22;66H[2d[22;27H81[22;51H[23d[2d[2;67H[3d6[4;63H1.4[5;63H3.4[6;63H1.1[7;41H     [7;65H6[8;41H     [8;65H7[9d5[10;63H5.4[11d6[12;63H9.3[13d6[14d5[15d6[16;63H1.1[17d5[18d7[76G[22;66H[2d[22;26H708[22;51H[23d[2d[2;66H9[3;63H4.1[4d9[5d9[6d6[7;63H2.1[8;63H2.2[9;63H2.0[10d9[11;63H9.1[12d8[13;63H9.1[14;63H2.0[15;63H1.1[16;41H     [16;65H6[17;62H10.0[18;63H5.2[76G[22d250113[2d[22;26H684[22;51H[23d[2d[2;65H31[3d6[4;63H2.4[5;63H4.4[6;63H2.1[7d6[8d7[9d5[10;63H6.4[11d6[12;62H10.3[13d6[14d5[15d6[16;63H2.1[17d5[18d7[76G[22;80H[2d[22;27H93[22;51H[23d[2d[2;66H2[3;63H5.1[4d9[5d9[6d6[7;63H3.1[8;63H3.2[9;63H3.0[10d9[11;62H20.1[12d8[13;62H20.1[14;63H3.0[15;63H2.1[16d6[17;63H1.0[18;63H6.2[76G[22;80H[2d[22;26H70[22;51H[23d[2d08/30/26 16:28:03.912729 duid15, tg(20039)
08/30/26 16:28:04.046650 hold active tg(20039)
08/30/26 16:28:04.117186 hold active tg(20039)
08/30/26 16:28:04.117241 voice update:  tg(20039), freq(851837500), slot(-), prio(3)
08/30/26 16:28:04.180225 duid15, tg(20039)
[2;66H8[3;41H17167[3;62H 0.2[75G9[4;63H3.4[5;63H5.4[6;63H0.1[75G9[7;65H6[8d7[9d5[10;41H18513[10;62H 0.2[75G8[11;65H6[12;63H1.3[13d6[14d5[15d6[16;63H3.1[17d5[18d7[76G[22d[K[22;66H[2d[22;11H773.05625[26G687Hz)[K[23d[2d08/30/26 16:28:04.373955 hold active tg(20039)
08/30/26 16:28:04.444477 hold active tg(20039)
08/30/26 16:28:04.504948 hold active tg(20039)
08/30/26 16:28:04.505004 hold active tg(20039)
08/30/26 16:28:04.505010 voice update:  tg(20039), freq(851837500), slot(-), prio(3)
08/30/26 16:28:04.638561 duid15, tg(20039)
[2;65H46[3;75H10[4;13H69.931[4;41H17051[4;62H 0.3[75G2[5;12H770.75625[5;62H13.9[75G5[K[6;16H28[6;41H     [6;63H5.9[75G17[7;14H1.8[7;41H20039[7;63H0.2[75G10[8;16H0375[8;63H4.1[75G7[K[9;16H1[9;62H 4.2[75G3[10;16H3500[10;41H     [10;62H24.0[75G13[11;16H5625[11;41H18513[11;62H 0.2[75G9[K[12;16H7500[12;62H21.1[75G19[13;17H12[13;62H11.8[14;14H2.98[14;62H21.1[75G2[K[15;16H237[15;63H4.0[75G35[16;14H6.462[16;62H1[75G4[K[17;14H7[17;62H 3.6[75G17[18;13H58[18;63H2.0[75G8[19dvoice freq 860.237500, active tgids [[19;49H], last seen 17.2s, count 3[22;66H[2d[22;27H78Hz)[23d[2d08/30/26 16:28:04.902522 hold active tg(20039)
08/30/26 16:28:04.963045 hold active tg(20039)
08/30/26 16:28:05.224925 hold active tg(20039)
08/30/26 16:28:05.295432 hold active tg(20039)
[2;65H67[3d0[76G2[4d3[5;63H4.4[6;63H6.4[7d7[8d6[9d7[10d5[11d0[75G11[12;65H6[13;63H2.3[14d6[15d5[16d6[17;63H4.1[18d5[19d7[76G[22;66H[2d[22;27H63Hz)[23d[2d08/30/26 16:28:05.557086 hold active tg(20039)
08/30/26 16:28:05.617512 hold active tg(20039)
08/30/26 16:28:05.617559 hold active tg(20039)
08/30/26 16:28:05.687971 hold active tg(20039)
08/30/26 16:28:05.748402 hold active tg(20039)
08/30/26 16:28:05.748438 hold active tg(20039)
08/30/26 16:28:05.748444 voice update:  tg(20039), freq(852350000), slot(-), prio(3)
[2;65H85[3d1[76G5[4;65H1[75G5[5;65H9[6d9[7;41H     [7;63H1.2[8;63H5.1[9;63H5.2[10;63H5.0[11d1[76G2[12;63H2.1[13d8[14;63H2.1[15;63H5.0[16;63H4.1[17d6[18;63H3.0[19;63H8.2[76G[22;66H[2d[22;27H52Hz)[23d[2d08/30/26 16:28:05.881393 duid15, tg(20039)
08/30/26 16:28:06.155631 hold active tg(20039)
08/30/26 16:28:06.206075 hold active tg(20039)
08/30/26 16:28:06.206129 voice update:  tg(20039), freq(852350000), slot(-), prio(3)
[2;64H700[3;76H6[4;65H0[75G7[5;63H5.4[6;63H7.4[7d7[8d6[9d7[10;41H20039[10;62H 0[76G5[11d4[12;65H6[13;63H3.3[14d6[15d5[16d6[17;63H5.1[18d5[19d7[76G[22;66H[2d[22;11H852.35000[27G47Hz) Talkgroup ID 20039[23d[2d[2;66H1[3d6[4d5[5d9[6d9[7;63H2.2[8;63H6.1[9;63H6.2[10d5[11d6[12;63H3.1[13d8[14;63H3.1[15;63H6.0[16;63H5.1[17d6[18;63H4.0[19;63H9.2[76G[22;66H[2d[22;28H8[22;51H[23d[2d[2;66H2[3;63H1.1[4;63H1.0[5;63H6.4[6;63H8.4[7d7[8d6[9d7[10;63H1.0[11;63H1.1[12d6[13;63H4.3[14d6[15d5[16d6[17;63H6.1[18d5[19d7[76G[22d251037[2d[22;27H63[22;51H[23d[2d[2;66H3[3;41H     [3;65H6[4;41H     [4;65H5[5d9[6d9[7;63H3.2[8;63H7.1[9;63H7.2[10d5[11;41H     [11;65H6[12;63H4.1[13d8[14;63H4.1[15;63H7.0[16;63H6.1[17d6[18;63H5.0[19;62H20.2[76G[22;80H[2d[22;51H[23d[2d[2;67H[3;63H2.1[4;63H2.0[5;63H7.4[6;63H9.4[7d7[8d6[9d7[10;63H2.0[11;63H2.1[12d6[13;63H5.3[14d6[15d5[16d6[17;63H7.1[18d5[19d7[76G[22;80H[2d[22;27H51[22;51H[23d[2d[2;66H4[3d6[4d5[5d9[6d9[7;63H4.2[8;63H8.1[9;63H8.2[10d5[11d6[12;63H5.1[13d8[14;63H5.1[15;63H8.0[16;63H7.1[17d6[18;63H6.0[19;63H1.2[76G[22;80H[2d[22;28H0[22;51H[23d[2d[2;67H[3;63H3.1[4;63H3.0[5;63H8.4[6;62H10.4[7d7[8d6[9d7[10;63H3.0[11;63H3.1[12d6[13;63H6.3[14d6[15d5[16d6[17;63H8.1[18d5[19d7[76G[22;80H[2d[22;27H49[22;51H[23d[2d[2;66H5[3d6[4d5[5d9[6d9[7;63H5.2[8;63H9.1[9;63H9.2[10d5[11d6[12;63H6.1[13d8[14;63H6.1[15;63H9.0[16;63H8.1[17d6[18;63H7.0[19;63H2.2[76G[22;80H[2d[22;27H65[22;51H[23d[2d[2;66H6[3;63H4.1[4;63H4.0[5;63H9.4[6;63H1.4[7d7[8d6[9d7[10;63H4.0[11;63H4.1[12d6[13;63H7.3[14d6[15d5[16d6[17;63H9.1[18d5[19d7[76G[22;80H[2d[22;27H70[22;51H[23d[2d[2;67H[3d6[4d5[5d9[6d9[7;63H6.2[8;62H10.1[9;62H10.2[10d5[11d6[12;63H7.1[13d8[14;63H7.1[15;62H20.0[16;63H9.1[17d6[18;63H8.0[19;63H3.2[76G[22;80H[2d[22;27H58[22;51H[23d[2d[2;66H7[3;63H5.1[4;63H5.0[5;62H20.4[6;63H2.4[7d7[8d6[9d7[10;63H5.0[11;63H5.1[12d6[13;63H8.3[14d6[15d5[16d6[17;62H10.1[18d5[19d7[76G[22;80H[2d[22;27H85[22;51H[23d[2d[2;66H9[3d6[4d6[5d9[6d9[7;63H7.3[8;63H1.1[9;63H1.2[10d6[11d6[12;63H8.1[13d8[14;63H8.2[15;63H1.0[16;62H20.1[17d6[18;63H9.0[19;63H4.2[76G[22;80H[2d[22;27H78[22;51H[23d[2d[2;67H[3;63H6.1[4;63H6.0[5;63H1.4[6;63H3.4[7d7[8d6[9d7[10;63H6.0[11;63H6.1[12d6[13;63H9.3[14d6[15d5[16d6[17;63H1.1[18d5[19d7[76G[22;80H[2d[22;28H4[22;51H[23d[2d08/30/26 16:28:12.635481 duid15, tg(20039)
[2;65H10[3d6[4d5[5d9[6d9[7;63H8.2[8;63H2.1[9;63H2.2[10;41H     [10;65H5[11d6[12;63H9.1[13d8[14;63H9.1[15;63H2.0[16;63H1.1[17d6[18;62H20.0[19;63H5.2[76G[22d[K[22;66H[2d[22;11H773.05625[27G94Hz)[K[23d[2d08/30/26 16:28:13.091456 hold active tg(20039)
08/30/26 16:28:13.091503 voice update:  tg(20039), freq(852350000), slot(-), prio(3)
08/30/26 16:28:13.225327 duid15, tg(20039)
[2;65H24[3;63H7.1[4;63H7.1[5;63H2.4[6;63H4.4[7d8[8d6[9d7[10;41H20039[10;63H0.2[76G6[11;63H7.1[12;41H17051[12;62H 0.2[75G20[13;62H20.3[14d7[15d5[16d6[17;63H2.1[18d5[19d7[76G[22;66H[2d[22;27H72Hz)[23d[2d08/30/26 16:28:13.750908 hold active tg(20039)
08/30/26 16:28:13.811613 hold active tg(20039)
[2;65H43[3d6[4d6[5d9[6d9[7;63H9.3[8;63H3.1[9;63H3.2[10d7[11d6[12d0[76G1[13;65H8[14;62H30.2[15;63H3.0[16;63H2.1[17d6[18;63H1.0[19;63H6.2[76G[22;66H[2d[22;27H56Hz)[23d[2d08/30/26 16:28:13.882134 hold active tg(20039)
08/30/26 16:28:14.274667 hold active tg(20039)
[2;65H61[3;63H8.1[4;63H8.1[5;63H3.4[6;63H5.4[7d8[8d6[9d7[10;63H1.2[11;63H8.1[12d4[76G3[13;63H1.3[14d7[15d5[16d6[17;63H3.1[18d5[19d7[76G[22;66H[2d[22;27H48Hz)[23d[2d08/30/26 16:28:14.536613 hold active tg(20039)
08/30/26 16:28:14.596992 hold active tg(20039)
08/30/26 16:28:14.597027 voice update:  tg(20039), freq(772681250), slot(-), prio(3)
08/30/26 16:28:14.669965 duid15, tg(20039)
[2;65H77[3d6[4d6[5d9[6;12H772.68125[6;41H20039[6;62H 0.2[76G[K[7;16H28[7;62H15.9[76G7[8;14H1.8[8;63H0.3[75G10[9;16H0375[9;63H4.1[75G7[K[10;16H1[10;41H     [10;62H14[75G33[11;16H3500[11;63H1.7[76G6[12;16H5625[12;41H     [12;63H8.6[75G14[13;16H7500[13;41H17051[13;62H 0.2[76G5[14;17H12[14;62H21.8[15;14H2.98[15;62H31.2[75G2[K[16;16H237[16;63H4.0[75G35[17;14H6.462[17;62H2[75G4[K[18;14H7[18;62H13.6[75G17[19;13H58[19;63H2.0[75G8[20dvoice freq 860.237500, active tgids [[20;49H], last seen 27.2s, count 3[22;66H[2d[22;27H51Hz)[23d[2d08/30/26 16:28:15.054895 hold active tg(20039)
08/30/26 16:28:15.054934 voice update:  tg(20039), freq(772681250), slot(-), prio(3)
[2;65H88[3;63H9.1[4;63H9.1[5;63H4.4[6;75H2[7;63H6.4[8d8[9d6[10d7[11;63H2.2[12;63H9.1[13d7[14;63H2.3[15d7[16d5[17d6[18;63H4.1[19d5[20d7[76G[22;66H[2d[22;13H2.681[22;27H42Hz) Talkgroup ID 20039[23d[2d[2;66H9[3d6[4d6[5d9[6d7[7d9[8;63H1.3[9;63H5.1[10;63H5.2[11d7[12d6[13;41H     [13;63H1.2[14d8[15;63H2.2[16;63H5.0[17;63H4.1[18d6[19;63H3.0[20;63H8.2[76G[22;66H[2d[22;27H54[22;51H[23d[2d08/30/26 16:28:16.043006 duid15, tg(20039)
08/30/26 16:28:16.236789 hold active tg(20039)
08/30/26 16:28:16.236827 voice update:  tg(20039), freq(772681250), slot(-), prio(3)
[2;65H97[3;62H10.1[4;62H10.1[5;63H5.4[6d0[75G3[7;63H7.4[8d8[9d6[10d7[11;63H3.2[12;62H10.1[13d7[14;63H3.3[15d7[16d5[17d6[18;63H5.1[19d5[20;41H17051[20;62H 0.0[75G4[22;66H[2d[22;28H1[22;51H[23d[2d08/30/26 16:28:16.370305 duid15, tg(20039)
08/30/26 16:28:16.503342 hold active tg(20039)
08/30/26 16:28:16.503386 voice update:  tg(20039), freq(772681250), slot(-), prio(3)
08/30/26 16:28:16.626187 duid15, tg(20039)
[2;66H9[3d6[4d6[5d9[6d3[75G4[7;65H9[8;63H2.3[9;63H6.1[10;63H6.2[11d7[12d6[13;63H2.2[14d8[15;63H3.2[16;41H17167[16;62H 0.3[76G6[17;63H5.1[18d6[19;63H4.0[20d5[76G[22;66H[2d[22;13H3.056[22;28H6Hz)[K[23d[2d08/30/26 16:28:17.020892 hold active tg(20039)
[2;64H820[3;63H1.1[4;63H1.1[5;63H6.4[6d8[7;63H8.4[8d8[9d6[10d7[11;63H4.2[12;63H1.1[13d7[14;63H4.3[15d7[16d2[76G7[17;65H6[18;63H6.1[19d5[20d2[75G5[22;66H[2d[22;27H45Hz)[23d[2d08/30/26 16:28:17.413523 hold active tg(20039)
08/30/26 16:28:17.675451 hold active tg(20039)
[2;65H41[3d6[4d6[5d9[6;41H     [6;63H1.3[7d9[8;63H3.3[9;63H7.1[10;63H7.2[11d7[12d6[13;63H3.2[14d8[15;63H4.2[16d1[76G9[17;63H6.1[18d6[19;63H5.0[20d1[75G7[22;66H[2d[22;27H35Hz)[23d[2d08/30/26 16:28:18.068058 hold active tg(20039)
[2;65H59[3;63H2.1[4;63H2.1[5;63H7.4[6d8[7;63H9.4[8d8[9d6[10d7[11;63H5.2[12;63H2.1[13d7[14;63H5.3[15d7[16d2[75G40[17;65H6[18;63H7.1[19d5[20d6[76G[22;66H[2d[22;28H4Hz)[23d[2d08/30/26 16:28:18.400353 hold active tg(20039)
[2;65H80[3d6[4d6[5;41H17051[5;62H 0.0[75G6[6;63H2.3[7d9[8;63H4.3[9;63H8.1[10;63H8.2[11d7[12d6[13;63H4.2[14d8[15;63H5.2[16d0[76G2[17;63H7.1[18d6[19;63H6.0[20;41H     [20;63H1.1[76G[22;66H[2d[22;27H27Hz)[23d[2d[2;64H901[3;63H3.1[4;63H3.1[5d1[75G9[6;65H8[7;62H20.4[8d8[9d6[10d7[11;63H6.2[12;63H3.1[13d7[14;63H6.3[15d7[16d5[76G3[17;65H6[18;63H8.1[19d5[20d6[76G[22;66H[2d[22;28H4Hz)[23d[2d[2;65H19[3d6[4d6[5d3[75G10[6;63H3.3[7d9[8;63H5.3[9;63H9.1[10;63H9.2[11d7[12d6[13;63H5.2[14d8[15;63H6.2[16;63H1.0[17;63H8.1[18d6[19;63H7.0[20;63H2.1[76G[22;66H[2d[22;28H8Hz)[23d[2d[2;65H40[3;63H4.1[4;63H4.1[5d1[76G2[6;65H8[7;63H1.4[8d8[9d6[10d7[11;63H7.2[12;63H4.1[13d7[14;63H7.3[15d7[16;41H     [16;65H5[17d6[18;63H9.1[19d5[20d6[76G[22;66H[2d[22;28H1Hz)[23d[2d[2;65H61[3d6[4d6[5d0[76G5[6;63H4.3[7d9[8;63H6.3[9;62H20.1[10;62H20.2[11d7[12d6[13;63H6.2[14d8[15;63H7.2[16;63H2.0[17;63H9.1[18d6[19;63H8.0[20;63H3.1[76G[22;66H[2d[22;27H16Hz)[23d[2d[2;65H79[3;63H5.1[4;63H5.1[5d1[76G7[6;65H8[7;63H2.4[8d8[9d6[10d7[11;63H8.2[12;63H5.1[13d7[14;63H8.3[15d7[16d5[17d6[18;62H20.1[19d5[20d6[76G[22;66H[2d[22;28H1Hz)[23d[2d[2;64H1000[3;65H6[4d6[5d2[76G8[6;63H5.3[7d9[8;63H7.3[9;63H1.1[10;63H1.2[11d7[12d6[13;63H7.2[14d8[15;63H8.2[16;63H3.0[17;62H30.1[18d6[19;63H9.0[20;63H4.1[76G[22;66H[2d[22;28H5Hz)[23d[2d[2;66H21[3;63H6.1[4;63H6.1[5d0[75G20[6;65H8[7;63H3.4[8d8[9d6[10d7[11;63H9.2[12;63H6.1[13d7[14;63H9.3[15d7[16d5[17d6[18;63H1.1[19d5[20d6[76G[22;66H[2d[22;27H06Hz)[23d[2d[2;66H39[3;65H6[4d6[5d1[76G1[6;63H6.3[7d9[8;63H8.3[9;63H2.1[10;63H2.2[11d7[12d6[13;63H8.2[14d8[15;63H9.2[16;63H4.0[17;63H1.1[18d6[19;62H30.0[20;63H5.1[76G[22;66H[2d[22;28H8Hz)[23d[2d[2;66H60[3;63H7.1[4;63H7.1[5;76H2[6;65H8[7;63H4.4[8d8[9d6[10d7[11;62H10.2[12;63H7.1[13d7[14;62H30.3[15d7[16d5[17d6[18;63H2.1[19d5[20d6[76G[22;66H[2d[22;32H[23d[2d[2;66H81[3;65H6[4d6[5d3[76G3[6;63H7.3[7d9[8;63H9.3[9;63H3.1[10;63H3.2[11d7[12d6[13;63H9.2[14d8[15;62H40.2[16;63H5.0[17;63H2.1[18d6[19;63H1.0[20;63H6.1[76G[22;66H[2d[22;28H7Hz)[23d[2d[2;66H99[3;63H8.1[4;63H8.1[5d1[76G5[6;65H8[7;63H5.4[8d8[9d6[10d7[11;63H1.2[12;63H8.1[13d7[14;63H1.3[15d7[16d5[17d6[18;63H3.1[19d5[20d6[76G[22;66H[2d[22;28H8Hz)[23d[2d[2;65H120[3;65H6[4d6[5d3[76G6[6;63H8.3[7d9[8;62H20.3[9;63H4.1[10;63H4.2[11d7[12d6[13;62H10.2[14d8[15;63H1.2[16;63H6.0[17;63H3.1[18d6[19;63H2.0[20;63H7.1[76G[22;66H[2d[22;28H6Hz)[23d[2d[2;66H41[3;63H9.1[4;63H9.1[5d1[76G8[6;65H8[7;63H6.4[8d8[9d6[10d7[11;63H2.2[12;63H9.1[13d8[14;63H2.3[15d7[16d5[17d6[18;63H4.1[19d5[20d6[76G[22;66H[2d[22;28H1Hz)[23d[2d[2;66H59[3;65H6[4d6[5d2[76G9[6;63H9.3[7d9[8;63H1.3[9;63H5.1[10;63H5.2[11d7[12d6[13;63H1.2[14d8[15;63H2.2[16;63H7.0[17;63H4.1[18d6[19;63H3.0[20;63H8.1[76G[22;66H[2d[22;28H4Hz)[23d[2d[2;66H80[3;62H20.1[4;62H20.1[5d0[75G31[6;65H8[7;63H7.4[8d8[9d6[10d7[11;63H3.2[12;62H20.1[13d7[14;63H3.3[15d7[16d5[17d6[18;63H5.1[19d5[20d6[76G[22;66H[2d[22;27H11Hz)[23d[2d[2;66H98[3;65H6[4d6[5d3[76G2[6;62H10.3[7d9[8;63H2.3[9;63H6.1[10;63H6.2[11d7[12d6[13;63H2.3[14d8[15;63H3.2[16;63H8.0[17;63H5.1[18d6[19;63H4.0[20;63H9.1[76G[22;66H[2d[22;32H[23d[2d[2;65H219[3;63H1.1[4;63H1.1[5d0[76G4[6;65H8[7;63H8.4[8d8[9d6[10d7[11;63H4.2[12;63H1.1[13d8[14;63H4.3[15d7[16d5[17d6[18;63H6.1[19d5[20d6[76G[22;66H[2d[22;27H08Hz)[23d[2d[2;66H40[3;65H6[4d6[5d2[76G5[6;63H1.3[7d9[8;63H3.3[9;63H7.1[10;63H7.2[11d7[12d6[13;63H3.3[14d8[15;63H4.2[16;63H9.0[17;63H6.1[18d6[19;63H5.0[20;62H10.1[76G[22;66H[2d[22;28H4Hz)[23d[2d[2;66H58[3;63H2.1[4;63H2.1[5d4[76G6[6;65H8[7;63H9.4[8d8[9d6[10d7[11;63H5.2[12;63H2.1[13d7[14;63H5.3[15d7[16d5[17d6[18;63H7.1[19d5[20d6[76G[22;66H[2d[22;26H598Hz)[23d[2d[2;66H79[3;65H6[4d6[5d2[76G8[6;63H2.3[7d9[8;63H4.3[9;63H8.1[10;63H8.2[11d7[12d6[13;63H4.3[14d8[15;63H5.2[16;62H10.0[17;63H7.1[18d6[19;63H6.0[20;63H1.1[76G[22;66H[2d[22;28H5Hz)[23d[2d08/30/26 16:28:28.953342 voice update:  tg(18513), freq(856462500), slot(-), prio(3)
08/30/26 16:28:29.016606 duid15, tg(18513)
[2;66H93[3;63H3.1[4;63H3.1[5d3[76G9[6;65H8[7;62H30.4[8d8[9d6[10d7[11;63H6.2[12;63H3.1[13d8[14;63H6.3[15d7[16d5[17;41H18513[17;62H 0.3[75G5[18;63H8.1[19d5[20d6[76G[22;66H[2d[22;32H[23d[2d08/30/26 16:28:29.411658 hold active tg(18513)
08/30/26 16:28:29.411698 voice update:  tg(18513), freq(856462500), slot(-), prio(3)
[2;67H8[3;65H6[4d6[5d4[75G40[6;63H3.3[7d9[8;63H5.3[9;63H9.2[10;63H9.2[11d7[12d6[13;63H5.3[14d8[15;63H6.2[16;63H1.0[17d4[75G6[18;65H6[19;63H7.0[20;63H2.1[76G[22;66H[2d[22;11H856.46250[26G624Hz) Talkgroup ID 18513[23d[2d[2;67H9[3;63H4.1[4;63H4.1[5d9[6d8[7;63H1.4[8d8[9d6[10d7[11;63H7.2[12;63H4.1[13d8[14;63H7.3[15d7[16d5[17d9[18;63H9.1[19d5[20d6[76G[22;72H10001063[2d[22;27H11[22;51H[23d[2d[2;65H300[3;65H6[4d6[5;41H     [5;63H1.4[6;63H4.3[7d9[8;63H6.3[9;62H30.1[10;62H30.2[11d7[12d6[13;63H6.3[14d8[15;63H7.2[16;63H2.0[17;63H1.4[18d6[19;63H8.0[20;63H3.1[76G[22;80H[2d[22;27H22[22;51H[23d[2d[2;67H1[3;63H5.1[4;63H5.1[5d9[6d8[7;63H2.4[8d8[9d7[10d7[11;63H8.2[12;63H5.1[13d8[14;63H8.3[15d7[16d5[17d9[18;62H30.1[19d5[20d6[76G[22;80H[2d[22;27H46[22;51H[23d[2d[2;68H[3;65H6[4d6[5;63H2.4[6;63H5.3[7d9[8;63H7.3[9;63H1.2[10;63H1.2[11d7[12d6[13;63H7.3[14d8[15;63H8.2[16;63H3.0[17;63H2.4[18d6[19;63H9.0[20;63H4.1[76G[22;80H[2d[22;51H[23d[2d[2;67H3[3;63H6.1[4;63H6.1[5d9[6d8[7;63H3.4[8d8[9d7[10d7[11;63H9.2[12;63H6.1[13d8[14;63H9.3[15d7[16d5[17d9[18;63H1.1[19d5[20d6[76G[22;80H[2d[22;27H6[22;51H[23d[2d[2;67H4[3;65H6[4d6[5;63H3.4[6;63H6.3[7d9[8;63H8.3[9;63H2.1[10;63H2.2[11d7[12d6[13;63H8.3[14d8[15;63H9.2[16;63H4.0[17;63H3.4[18d6[19;62H40.0[20;63H5.1[76G[22;80H[2d[22;28H8[22;51H[23d[2d[2;68H[3;63H7.1[4;63H7.1[5d9[6d8[7;63H4.4[8d8[9d7[10d7[11;62H20.2[12;63H7.1[13d8[14;62H40.3[15d7[16d5[17d9[18;63H2.1[19d5[20d6[76G[22;80H[2d[22;27H76[22;51H[23d[2d[2;67H5[3;65H6[4d6[5;63H4.4[6;63H7.3[7d9[8;63H9.3[9;63H3.2[10;63H3.2[11d7[12d6[13;63H9.3[14d8[15;62H50.2[16;63H5.0[17;63H4.4[18d6[19;63H1.0[20;63H6.1[76G[22;80H[2d[22;27H69[22;51H[23d[2d[2;67H6[3;63H8.1[4;63H8.1[5d9[6d8[7;63H5.4[8d8[9d7[10d7[11;63H1.2[12;63H8.1[13d8[14;63H1.3[15d7[16d5[17d9[18;63H3.1[19d5[20d6[76G[22;80H[2d[22;28H5[22;51H[23d[2d[2;67H8[3;65H7[4d6[5;63H5.4[6;63H8.3[7d9[8;62H30.3[9;63H4.2[10;63H4.2[11d7[12d7[13;62H20.3[14d8[15;63H1.2[16;63H6.0[17;63H5.4[18d6[19;63H2.0[20;63H7.1[76G[22;80H[2d[22;27H76[22;51H[23d[2d[2;67H9[3;63H9.1[4;63H9.1[5d9[6d8[7;63H6.4[8d8[9d7[10d7[11;63H2.2[12;63H9.1[13d8[14;63H2.3[15d7[16d5[17d9[18;63H4.1[19d5[20d6[76G[22;80H[2d[22;28H9[22;51H[23d[2d[2;68H[3;65H6[4d6[5;63H6.4[6;63H9.3[7d9[8;63H1.3[9;63H5.2[10;63H5.2[11d7[12d6[13;63H1.3[14d8[15;63H2.2[16;63H7.0[17;63H6.4[18d6[19;63H3.0[20;63H8.1[76G[22;80H[2d[22;27H9[22;51H[23d[2d[2;66H10[3;62H30.2[4;62H30.1[5d9[6d8[7;63H7.4[8d8[9d7[10d7[11;63H3.2[12;62H30.2[13d8[14;63H3.3[15d7[16d5[17d9[18;63H5.1[19d5[20d6[76G[22;80H[2d[22;26H716[22;51H[23d[2d[2;67H1[3;65H7[4d6[5;63H7.4[6;62H20.3[7d9[8;63H2.3[9;63H6.2[10;63H6.2[11d7[12d7[13;63H2.3[14d8[15;63H3.2[16;63H8.0[17;63H7.4[18d6[19;63H4.0[20;63H9.1[76G[22;80H[2d[22;27H04[22;51H[23d[2d[2;67H2[3;63H1.2[4;63H1.1[5d9[6d8[7;63H8.4[8d8[9d7[10d7[11;63H4.2[12;63H1.2[13d8[14;63H4.3[15d7[16d5[17d9[18;63H6.1[19d5[20d6[76G[22;80H[2d[22;28H2[22;51H[23d[2d[2;67H4[3;65H6[4d6[5;63H8.4[6;63H1.3[7d9[8;63H3.3[9;63H7.2[10;63H7.2[11d7[12d6[13;63H3.3[14d8[15;63H4.2[16;63H9.0[17;63H8.4[18d6[19;63H5.0[20;62H20.1[76G[22;80H[2d[22;28H6[22;51H[23d[2d[2;67H5[3;63H2.2[4;63H2.1[5d9[6d8[7;63H9.4[8d8[9d7[10d7[11;63H5.2[12;63H2.2[13d8[14;63H5.3[15d7[16d5[17d9[18;63H7.1[19d5[20d6[76G[22;80H[2d[22;26H699[22;51H[23d[2d[2;67H7[3;65H7[4d6[5;63H9.4[6;63H2.3[7d9[8;63H4.3[9;63H8.2[10;63H8.2[11d7[12d7[13;63H4.3[14d8[15;63H5.2[16;62H20.0[17;63H9.4[18d6[19;63H6.0[20;63H1.1[76G[22;80H[2d[22;26H700[22;51H[23d[2d[2;67H8[3;63H3.2[4;63H3.1[5d9[6d8[7;62H40.4[8d8[9d7[10d7[11;63H6.2[12;63H3.2[13d8[14;63H6.3[15d7[16d5[17d9[18;63H8.2[19d5[20d6[76G[22;80H[2d[22;27H13[22;51H[23d[2d[2;68H[3;65H7[4d6[5;62H10.4[6;63H3.3[7;63H1.0[8;63H5.3[9;63H9.2[10;63H9.2[11d7[12d7[13;63H5.3[14d8[15;63H6.2[16;63H1.0[17;62H10.4[18d7[19;63H7.0[20;63H2.1[76G[22;80H[2d[22;27H00[22;51H[23d[2d08/30/26 16:28:40.226722 duid15, tg(18513)
08/30/26 16:28:40.359843 hold active tg(18513)
[2;67H9[3;63H4.2[4;63H4.1[5d9[6d8[7d4[8d8[9d7[10d7[11;63H7.2[12;63H4.2[13d8[14;63H7.3[15d7[16d5[17;41H     [17;65H9[18;63H9.1[19d5[20d6[76G[22;72H[K[66G[2d[22;11H773.05625[26G684Hz)[K[23d[2d08/30/26 16:28:40.752424 hold active tg(18513)
08/30/26 16:28:40.812865 hold active tg(18513)
[2;66H40[3;65H7[4d6[5;41H17051[5;62H 0.1[76G1[6;63H4.3[7;41H20000[7;62H 0.0[76G9[8;63H6.3[9;62H40.2[10;41H17050[10;62H 0.0[76G5[11;65H7[12d7[13;63H6.3[14d8[15;63H7.2[16;63H2.0[17;63H1.4[18d7[19;42H7582[19;62H 0.1[75G9[20;63H3.1[76G[22;66H[2d[22;27H73Hz)[23d[2d08/30/26 16:28:41.145103 hold active tg(18513)
08/30/26 16:28:41.145174 hold active tg(18513)
08/30/26 16:28:41.275975 hold active tg(18513)
08/30/26 16:28:41.276021 voice update:  tg(18513), freq(856462500), slot(-), prio(3)
08/30/26 16:28:41.399742 duid15, tg(18513)
[2;66H57[3;63H5.2[4;63H5.1[5d2[76G2[6;65H8[7d2[75G20[8;65H8[9d7[10d2[76G6[11;63H8.2[12;63H5.2[13d8[14;63H8.3[15d7[16d5[17;41H18513[17;62H 0.0[75G7[18;62H40.2[19d2[75G10[20;65H6[76G[22d235415[2d[22;11H856.46250[27G63Hz) Talkgroup ID 18513[23d[2d08/30/26 16:28:41.532693 hold active tg(18513)
08/30/26 16:28:41.532757 hold active tg(18513)
08/30/26 16:28:41.532777 hold active tg(18513)
08/30/26 16:28:41.532782 voice update:  tg(18513), freq(856462500), slot(-), prio(3)
[2;66H62[3;65H7[4d6[5d3[76G3[6;63H5.3[7d3[76G1[8;63H7.3[9;63H1.2[10d3[76G7[11;65H7[12d7[13;63H7.3[14d8[15;63H8.2[16;63H3.0[17d3[75G9[18;65H7[19d7[20;63H4.1[76G[22d[K[22;66H[2d[22;27H54[22;51H[23d[2d08/30/26 16:28:42.258897 duid15, tg(18513)
[2;67H3[3;63H6.2[4;63H6.1[5d8[6d8[7d8[8d8[9d7[10d8[11;63H9.2[12;63H6.2[13d8[14;63H9.3[15d7[16d5[17d8[18;63H1.2[19;63H1.2[20d6[76G[22;66H[2d[22;11H773.05625[27G41Hz)[K[23d[2d08/30/26 16:28:42.453021 hold active tg(18513)
08/30/26 16:28:42.453076 hold active tg(18513)
08/30/26 16:28:42.513498 hold active tg(18513)
08/30/26 16:28:42.513541 voice update:  tg(18513), freq(856462500), slot(-), prio(3)
08/30/26 16:28:42.646696 duid15, tg(18513)
[2;67H8[3;65H7[4d6[5d4[76G4[6;63H6.3[7d4[76G2[8;63H8.3[9;42H7582[9;62H 0.4[75G8[10;65H3[76G8[11;65H7[12d7[13;63H8.3[14d8[15;63H9.2[16;63H4.0[17d3[75G10[18;65H7[19;42H    [19;65H7[20;63H5.1[76G[22;66H[2d[22;28H4Hz)[23d[2d08/30/26 16:28:42.980968 hold active tg(18513)
08/30/26 16:28:43.111822 hold active tg(18513)
08/30/26 16:28:43.373592 hold active tg(18513)
[2;66H89[3;63H7.2[4;63H7.1[5d3[76G5[6;65H8[7d2[76G3[8;65H8[9d3[75G9[10;65H2[76G9[11;62H30.2[12;63H7.2[13d8[14;62H50.4[15d7[16d5[17d8[18;63H2.2[19;63H2.2[20d6[76G[22;66H[2d[22;27H38Hz)[23d[2d08/30/26 16:28:43.504484 hold active tg(18513)
08/30/26 16:28:43.695871 hold active tg(18513)
08/30/26 16:28:43.826956 hold active tg(18513)
[2;65H407[3;65H7[4d6[5d1[76G7[6;63H7.3[7d3[76G4[8;63H9.3[9d1[75G11[10;65H3[75G40[11;65H7[12d7[13;63H9.3[14d9[15;62H60.2[16;63H5.0[17;41H     [17;63H1.3[18d7[19d7[20;63H6.2[76G[22;66H[2d[22;32H[23d[2d08/30/26 16:28:44.088706 hold active tg(18513)
08/30/26 16:28:44.159239 hold active tg(18513)
[2;66H28[3;63H8.2[4;63H8.1[5d2[76G8[6;65H8[7d2[76G6[8;65H8[9d2[76G2[10;65H2[76G2[11;63H1.2[12;63H8.2[13d8[14;63H1.3[15d7[16d5[17d8[18;63H3.2[19;63H3.2[20d6[76G[22;66H[2d[22;27H29Hz)[23d[2d08/30/26 16:28:44.481232 hold active tg(18513)
08/30/26 16:28:44.551793 hold active tg(18513)
08/30/26 16:28:44.873985 voice update:  tg(17142), freq(857237500), slot(-), prio(3)
[2;66H49[3;65H7[4d6[5d3[76G9[6;63H8.3[7d3[76G7[8;62H40.3[9d3[76G3[10;65H3[76G3[11;65H7[12d7[13;62H30.3[14d9[15;63H1.2[16;63H6.0[17;63H2.3[18d7[19d7[20;63H7.1[76G[22;66H[2d[22;28H1Hz)[23d[2d08/30/26 16:28:45.007623 duid15, tg(17142)
08/30/26 16:28:45.271721 hold active tg(17142)
08/30/26 16:28:45.271765 voice update:  tg(17142), freq(857237500), slot(-), prio(3)
[2;66H61[3;63H9.2[4;63H9.1[5d5[75G50[6;65H8[7d1[76G8[8;65H8[9d5[76G4[10;65H8[11;63H2.2[12;63H9.2[13d8[14;63H2.4[15d7[16d5[17d8[18;41H17142[18;62H 0.1[76G9[19;63H4.2[20d7[76G[22;66H[2d[22;11H857.23750[22;28H9Hz) Talkgroup ID 17142[23d[2d08/30/26 16:28:45.464996 duid15, tg(17142)
08/30/26 16:28:45.598863 hold active tg(17142)
08/30/26 16:28:45.598916 voice update:  tg(17142), freq(857237500), slot(-), prio(3)
08/30/26 16:28:45.732631 duid15, tg(17142)
[2;67H2[3;65H7[4d6[5;63H1.0[6;63H9.3[7d6[8;63H1.3[9;63H1.0[10d2[76G4[11;65H7[12d7[13;63H1.3[14d9[15;63H2.2[16;63H7.0[17;63H3.3[18d2[75G20[19;65H7[20;63H8.2[76G[22;66H[2d[22;11H773.05625[27G40Hz)[K[23d[2d08/30/26 16:28:45.926121 hold active tg(17142)
08/30/26 16:28:45.926157 voice update:  tg(17142), freq(857237500), slot(-), prio(3)
08/30/26 16:28:46.059670 duid15, tg(17142)
08/30/26 16:28:46.192686 hold active tg(17142)
08/30/26 16:28:46.253181 hold active tg(17142)
[2;66H74[3;62H40.2[4;62H40.1[5;63H0.1[76G1[6;65H8[7d1[75G30[8;65H8[9;42H    [9;65H5[10d1[76G6[11;63H3.2[12;62H40.2[13d8[14;63H3.4[15d7[16d5[17d8[18d4[76G1[19;63H5.2[20d7[76G[22;66H[2d[22;27H36Hz)[23d[2d08/30/26 16:28:46.585573 hold active tg(17142)
08/30/26 16:28:46.646040 hold active tg(17142)
[2;66H92[3;65H7[4d6[5d2[76G3[6;62H30.3[7d2[76G1[8;63H2.3[9;63H2.0[10d2[76G7[11;65H7[12d7[13;63H2.3[14d9[15;63H3.2[16;63H8.0[17;63H4.3[18d9[19d7[20;63H9.2[76G[22;66H[2d[22;27H28Hz)[23d[2d08/30/26 16:28:46.978260 hold active tg(17142)
08/30/26 16:28:47.038786 hold active tg(17142)
08/30/26 16:28:47.240211 hold active tg(17142)
08/30/26 16:28:47.371161 hold active tg(17142)
[2;65H513[3;63H1.2[4;63H1.1[5d1[76G5[6;65H8[7d1[76G3[8;65H8[9d5[10d3[76G9[11;63H4.2[12;63H1.2[13d8[14;63H4.4[15d7[16d5[17d8[18;41H     [18;63H1.4[19;63H6.2[20d7[76G[22;66H[2d[22;28H3Hz)[23d[2d08/30/26 16:28:47.693488 hold active tg(17142)
[2;66H34[3;65H7[4d6[5;76H6[6;63H1.3[7d5[76G4[8;63H3.3[9;63H3.0[10d1[75G51[11;65H7[12d7[13;63H3.3[14d9[15;63H4.2[16;63H9.0[17;63H5.3[18d9[19d7[20;62H30.2[76G[22;66H[2d[22;28H1Hz)[23d[2d08/30/26 16:28:48.418358 voice update:  tg(17513), freq(769681250), slot(-), prio(3)
[2;66H52[3;63H2.2[4;63H2.1[5;76H7[6;65H8[7;63H1.0[8d8[9d5[10;76H2[11;63H5.2[12;63H2.2[13d8[14;63H5.4[15d7[16d5[17d8[18;63H2.4[19;63H7.2[20d7[76G[22;66H[2d[22;27H16Hz)[23d[2d08/30/26 16:28:48.551589 duid15, tg(17513)
08/30/26 16:28:48.674712 hold active tg(17513)
[2;66H65[3;41H17513[3;62H 0.4[76G7[4;65H6[5d2[76G8[6;63H2.3[7;41H     [7;65H5[8;63H4.3[9;63H4.0[10d2[76G3[11;65H7[12d7[13;63H4.3[14d9[15;63H5.2[16;62H30.0[17;63H6.3[18d9[19d7[20;63H1.2[76G[22;66H[2d[22;27H06Hz)[23d[2d08/30/26 16:28:48.936545 hold active tg(17513)
08/30/26 16:28:49.067466 hold active tg(17513)
08/30/26 16:28:49.137957 hold active tg(17513)
08/30/26 16:28:49.137972 voice update:  tg(17513), freq(769681250), slot(-), prio(3)
[2;66H75[3;65H2[76G8[4;63H3.1[5d7[6d8[7;63H2.0[8d8[9d5[10;76H6[11;63H6.2[12;63H3.2[13d8[14;63H6.4[15d7[16d5[17d8[18;63H3.4[19;63H8.2[20d7[76G[22;66H[2d[22;12H69.681[22;27H11Hz) Talkgroup ID 17513[23d[2d[2;67H6[3;65H7[4d6[5;63H1.2[6;63H3.3[7d5[8;63H5.3[9;63H5.0[10d7[11d7[12d7[13;63H5.3[14d9[15;63H6.2[16;63H1.0[17;63H7.3[18d9[19d7[20;63H2.2[76G[22d225466[2d[22;27H08[22;51H[23d[2d[2;67H7[3;63H1.2[4;63H4.1[5;41H     [5;65H7[6d8[7;63H3.0[8d8[9d5[10;41H     [10;63H1.2[11;63H7.2[12;63H4.2[13d8[14;63H7.4[15d7[16d5[17d8[18;63H4.4[19;63H9.2[20d7[76G[22;80H[2d[22;28H5[22;51H[23d[2d08/30/26 16:28:50.448959 duid15, tg(17513)
08/30/26 16:28:50.642976 hold active tg(17513)
08/30/26 16:28:50.773976 hold active tg(17513)
08/30/26 16:28:50.774018 voice update:  tg(17513), freq(769681250), slot(-), prio(3)
08/30/26 16:28:50.907544 duid15, tg(17513)
[2;66H88[3;63H0.1[76G9[4;65H6[5;41H17051[5;63H0.2[76G9[6;63H4.3[7d5[8;63H6.3[9;63H6.0[10;41H17050[10;63H0.1[76G7[11;65H7[12d7[13;63H6.3[14d9[15;63H7.2[16;63H2.0[17;63H8.3[18d9[19d7[20;63H3.2[76G[22d[K[22;66H[2d[22;28H9[22;51H[23d[2d08/30/26 16:28:51.302249 hold active tg(17513)
08/30/26 16:28:51.362715 hold active tg(17513)
08/30/26 16:28:51.362758 voice update:  tg(17513), freq(769681250), slot(-), prio(3)
[2;65H601[3;65H6[4;63H5.1[5d0[75G60[6;65H8[7;63H4.0[8d8[9d5[10d0[76G8[11;63H8.2[12;63H5.2[13d8[14;63H8.4[15d7[16d5[17d8[18;63H5.4[19;62H10.2[20d7[76G[22;66H[2d[22;12H73.056[22;28H3Hz)[K[23d[2d08/30/26 16:28:51.496481 duid15, tg(17513)
08/30/26 16:28:51.760467 hold active tg(17513)
08/30/26 16:28:51.760511 voice update:  tg(17513), freq(769681250), slot(-), prio(3)
[2;67H9[3;65H1[75G21[4;65H6[5d5[6;63H5.3[7d5[8;63H7.3[9;63H7.0[10d1[76G9[11;65H7[12d7[13;63H7.3[14d9[15;63H8.2[16;63H3.0[17;63H9.3[18d9[19d7[20;63H4.2[76G[22;66H[2d[22;12H69.681[22;28H7Hz) Talkgroup ID 17513[23d[2d08/30/26 16:28:52.416620 duid15, tg(17513)
[2;66H10[3;65H6[4;63H6.1[5;63H1.0[6d8[7;63H5.0[8d8[9d5[10d6[11;63H9.3[12;63H6.2[13d8[14;63H9.4[15d7[16d6[17d8[18;63H6.4[19;63H1.2[20d7[76G[22;66H[2d[22;27H11[22;51H[23d[2d08/30/26 16:28:52.802047 hold active tg(17513)
08/30/26 16:28:52.802102 voice update:  tg(17513), freq(769681250), slot(-), prio(3)
08/30/26 16:28:52.935419 duid15, tg(17513)
[2;66H23[3;65H0[76G2[4;65H6[5;41H     [5;65H5[6;63H6.3[7d5[8;63H8.3[9;63H8.0[10d0[75G60[11;65H8[12d7[13;63H8.3[14d9[15;63H9.2[16;63H4.1[17;62H10.3[18d9[19d7[20;63H5.2[76G[22;66H[2d[22;27H08[22;51H[23d[2d08/30/26 16:28:53.068568 hold active tg(17513)
08/30/26 16:28:53.199400 hold active tg(17513)
[2;66H35[3;65H5[4;63H7.1[5;63H2.0[6d8[7;63H6.0[8d8[9d5[10d1[76G2[11;62H40.2[12;63H7.2[13d8[14;62H60.4[15d7[16d5[17d8[18;63H7.4[19;63H2.2[20d7[76G[22;66H[2d[22;12H73.056[22;32H[K[23d[2d08/30/26 16:28:53.461442 hold active tg(17513)
08/30/26 16:28:53.924592 hold active tg(17513)
08/30/26 16:28:53.924630 voice update:  tg(17513), freq(769931250), slot(-), prio(3)
[2;66H53[3;63H1.0[4d6[5d5[6;63H7.3[7d5[8;63H9.3[9;63H9.0[10d4[76G3[11;65H8[12d7[13;63H9.3[14d9[15;62H70.2[16;63H5.1[17;63H1.3[18d9[19d7[20;63H6.2[76G[22;66H[2d[22;28H9Hz)[23d[2d08/30/26 16:28:54.048500 duid15, tg(17513)
08/30/26 16:28:54.382802 hold active tg(17513)
08/30/26 16:28:54.382835 voice update:  tg(17513), freq(769931250), slot(-), prio(3)
[2;66H65[3;41H     [3;65H5[4;41H17513[4;62H 0.4[75G8[5;63H3.0[6d8[7;63H7.0[8d8[9d5[10d9[11;63H1.3[12;63H8.2[13d8[14;63H1.4[15d7[16d6[17d8[18;63H8.4[19;63H3.2[20d7[76G[22;66H[2d[22;27H11Hz)[23d[2d[2;67H8[3;63H2.0[4d5[75G9[5;65H5[6;63H8.3[7d5[8;62H50.3[9;62H10.0[10d5[76G4[11;65H8[12d7[13;62H40.3[14d9[15;63H1.2[16;63H6.1[17;63H2.3[18d9[19d7[20;63H7.2[76G[22;66H[2d[22;12H69.931[22;28H5Hz) Talkgroup ID 17513[23d[2d[2;67H9[3;65H5[4;63H1.0[5;63H4.0[6d8[7;63H8.0[8d8[9d5[10;63H1.0[11;63H2.3[12;63H9.2[13d8[14;63H2.4[15d7[16d6[17d8[18;63H9.4[19;63H4.2[20d7[76G[22d225466[2d[22;27H23[22;51H[23d[2d[2;66H70[3;63H3.0[4d5[5d5[6;63H9.3[7d5[8;63H1.3[9;63H1.0[10;41H     [10;65H5[11d8[12d7[13;63H1.3[14d9[15;63H2.2[16;63H7.1[17;63H3.3[18d9[19d7[20;63H8.2[76G[22;80H[2d[22;28H8[22;51H[23d[2d[2;67H2[3;65H5[4;63H2.0[5;63H5.0[6d8[7;63H9.0[8d8[9d5[10;63H2.0[11;63H3.3[12;62H50.2[13d8[14;63H3.4[15d7[16d6[17d8[18;62H10.4[19;63H5.2[20d7[76G[22;80H[2d[22;28H4[22;51H[23d[2d[2;67H3[3;63H4.1[4d5[5d6[6;62H40.4[7d5[8;63H2.3[9;63H2.0[10d5[11d8[12d7[13;63H2.3[14d9[15;63H3.2[16;63H8.1[17;63H4.3[18d9[19d7[20;63H9.2[76G[22;80H[2d[22;28H2[22;51H[23d[2d[2;67H4[3;65H6[4;63H3.0[5;63H6.1[6d9[7;62H10.0[8d9[9d5[10;63H3.0[11;63H4.3[12;63H1.2[13d8[14;63H4.4[15d8[16d6[17d8[18;63H1.4[19;63H6.2[20d7[76G[22;80H[2d[22;51H[23d[2d08/30/26 16:28:57.594874 duid15, tg(17513)
[2;66H82[3;63H5.0[4;41H     [4;65H5[5d5[6;63H1.3[7d5[8;63H3.3[9;63H3.0[10d5[11d8[12d7[13;63H3.3[14d9[15;63H4.2[16;63H9.1[17;63H5.3[18d9[19d7[20;62H40.2[76G[22d[K[22;66H[2d[22;12H73.056[22;32H[K[23d[2d08/30/26 16:28:58.050565 hold active tg(17513)
08/30/26 16:28:58.050602 voice update:  tg(17513), freq(769931250), slot(-), prio(3)
08/30/26 16:28:58.113972 duid15, tg(17513)
08/30/26 16:28:58.247393 hold active tg(17513)
08/30/26 16:28:58.378242 hold active tg(17513)
08/30/26 16:28:58.438729 hold active tg(17513)
[2;66H94[3;65H6[4;41H17513[4;63H0.3[75G10[5;63H7.1[6d9[7;63H1.0[8d9[9d5[10;41H17050[10;63H0.1[76G6[11;63H5.3[12;63H2.2[13d8[14;63H5.4[15d8[16d6[17d8[18;63H2.4[19;63H7.2[20d7[76G[22;66H[2d[22;27H16Hz)[23d[2d08/30/26 16:28:58.771115 hold active tg(17513)
[2;65H715[3;63H6.1[4d8[5d6[6;63H2.4[7d5[8;63H4.4[9;63H4.0[10;76H9[11;65H8[12d7[13;63H4.3[14d9[15;63H5.3[16;62H40.1[17;63H6.3[18d9[19d7[20;63H1.2[76G[22;66H[2d[22;28H9Hz)[23d[2d08/30/26 16:28:58.972399 hold active tg(17513)
08/30/26 16:28:58.972440 voice update:  tg(17513), freq(852562500), slot(-), prio(3)
08/30/26 16:28:59.095312 duid15, tg(17513)
08/30/26 16:28:59.228485 hold active tg(17513)
08/30/26 16:28:59.228527 voice update:  tg(17513), freq(852562500), slot(-), prio(3)
[2;66H23[3;65H6[4;41H     [4;63H1.3[5;63H8.1[6d8[7;63H2.0[8d8[9d5[10;75H70[11;63H6.3[12;41H17513[12;62H 0.1[76G6[13;65H8[14;63H6.4[15d7[16d6[17d8[18;63H3.4[19;63H8.2[20d7[76G[22;66H[2d[22;11H852.56250[22;28H8Hz) Talkgroup ID 17513[23d[2d08/30/26 16:28:59.946844 duid15, tg(17513)
[2;67H4[3;63H7.1[4d8[5d6[6;63H3.4[7d5[8;63H5.4[9;63H5.0[10d6[11d8[12d6[13;63H5.3[14d9[15;63H6.3[16;63H1.1[17;63H7.3[18d9[19d7[20;63H2.2[76G[22;66H[2d[22;27H20[22;51H[23d[2d08/30/26 16:29:00.211353 hold active tg(17513)
08/30/26 16:29:00.211406 voice update:  tg(17513), freq(852562500), slot(-), prio(3)
08/30/26 16:29:00.344343 duid15, tg(17513)
[2;66H33[3;65H6[4;63H2.3[5;63H9.1[6d9[7;63H3.0[8d9[9d5[10d1[76G1[11;63H7.3[12d1[76G7[13;65H8[14;63H7.4[15d8[16d6[17d8[18;63H4.4[19;63H9.2[20d7[76G[22;66H[2d[22;11H773.05625[22;28H6Hz)[K[23d[2d08/30/26 16:29:00.608404 hold active tg(17513)
08/30/26 16:29:00.870263 hold active tg(17513)
[2;66H49[3;63H8.1[4d8[5d6[6;63H4.4[7d5[8;63H6.4[9;63H6.0[10d3[76G2[11;65H8[12d7[13;63H6.3[14d9[15;63H7.3[16;63H2.1[17;63H8.3[18d9[19d7[20;63H3.2[76G[22;66H[2d[22;28H0Hz)[23d[2d08/30/26 16:29:01.132066 hold active tg(17513)
08/30/26 16:29:01.192510 hold active tg(17513)
08/30/26 16:29:01.192547 hold active tg(17513)
08/30/26 16:29:01.262980 hold active tg(17513)
08/30/26 16:29:01.323444 hold active tg(17513)
[2;66H70[3;65H6[4;63H3.3[5;62H10.1[6d9[7;63H4.0[8d9[9d5[10d0[76G5[11;41H17165[11;62H 0.0[75G20[12;63H1.1[13d8[14;63H8.4[15d8[16d6[17d8[18;63H5.4[19;62H20.2[20d7[76G[22;66H[2d[22;27H19Hz)[23d[2d08/30/26 16:29:01.716035 hold active tg(17513)
[2;66H91[3;63H9.1[4d8[5d6[6;63H5.4[7d5[8;63H7.4[9;63H7.0[10d1[76G6[11;65H1[76G1[12;41H     [12;65H6[13;63H7.3[14d9[15;63H8.3[16;63H3.1[17;63H9.3[18d9[19d7[20;63H4.2[76G[22;66H[2d[22;27H20Hz)[23d[2d08/30/26 16:29:02.048309 hold active tg(17513)
[2;65H809[3;65H6[4;63H4.3[5;63H1.1[6d9[7;63H5.0[8d9[9d5[10d3[76G7[11;65H3[76G2[12;63H2.2[13d8[14;63H9.4[15d8[16d6[17d8[18;63H6.4[19;63H1.2[20d7[76G[22;66H[2d[22;27H19Hz)[23d[2d[2;66H30[3;62H10.1[4d8[5d6[6;63H6.4[7d5[8;63H8.4[9;63H8.0[10d1[76G9[11;65H1[76G4[12;65H7[13;63H8.3[14d9[15;63H9.3[16;63H4.1[17;62H20.4[18d9[19d7[20;63H5.2[76G[22;66H[2d[22;27H09Hz)[23d[2d[2;66H51[3;65H6[4;63H5.3[5;63H2.1[6d9[7;63H6.0[8d9[9d5[10d2[75G80[11;65H2[76G5[12;63H3.2[13d8[14;62H70.4[15d8[16d6[17d9[18;63H7.4[19;63H2.2[20d7[76G[22;66H[2d[22;27H11Hz)[23d[2d[2;66H69[3;63H1.1[4d8[5d6[6;63H7.4[7d5[8;63H9.4[9;63H9.0[10d1[76G2[11;65H1[76G7[12;65H7[13;63H9.3[14d9[15;62H80.3[16;63H5.1[17;63H1.4[18d9[19d7[20;63H6.2[76G[22;66H[2d[22;27H08Hz)[23d[2d[2;66H90[3;65H6[4;63H6.3[5;63H3.1[6d9[7;63H7.0[8d9[9d5[10d2[76G3[11;65H2[76G8[12;63H4.2[13d8[14;63H1.4[15d8[16d6[17d9[18;63H8.4[19;63H3.2[20d7[76G[22;66H[2d[22;28H2Hz)[23d[2d[2;65H911[3;63H2.1[4d8[5d6[6;63H8.4[7d5[8;62H60.4[9;62H20.0[10d1[76G5[11;65H1[75G30[12;65H7[13;62H50.3[14d9[15;63H1.3[16;63H6.1[17;63H2.4[18d9[19d7[20;63H7.2[76G[22;66H[2d[22;28H0Hz)[23d[2d[2;66H29[3;65H6[4;63H7.3[5;63H4.1[6d9[7;63H8.0[8d9[9d5[10d2[76G6[11;65H2[76G1[12;63H5.2[13d8[14;63H2.4[15d8[16d6[17d9[18;63H9.4[19;63H4.2[20d7[76G[22;66H[2d[22;26H595Hz)[23d[2d[2;66H50[3;63H3.1[4d8[5d6[6;63H9.4[7d5[8;63H1.4[9;63H1.0[10d4[76G7[11;65H4[76G2[12;65H7[13;63H1.3[14d9[15;63H2.3[16;63H7.1[17;63H3.4[18d9[19d7[20;63H8.2[76G[22;66H[2d[22;28H7Hz)[23d[2d[2;66H68[3;65H6[4;63H8.3[5;63H5.1[6d9[7;63H9.0[8d9[9d5[10d1[76G9[11;65H8[12;63H6.2[13d8[14;63H3.4[15d8[16d6[17d9[18;62H20.4[19;63H5.2[20d7[76G[22;66H[2d[22;32H[23d[2d[2;66H89[3;63H4.1[4d8[5d6[6;62H50.4[7d5[8;63H2.4[9;63H2.0[10d3[75G90[11;41H     [11;63H1.3[12d7[13;63H2.3[14d9[15;63H3.3[16;63H8.1[17;63H4.4[18d9[19d7[20;63H9.2[76G[22;66H[2d[22;28H3Hz)[23d[2d[2;64H2010[3;65H6[4;63H9.3[5;63H6.1[6d9[7;62H20.0[8d9[9d5[10;76H2[11;65H9[12;63H7.2[13;41H17165[13;62H 0[76G8[14;63H4.4[15d8[16d6[17d9[18;63H1.4[19;63H6.2[20d7[76G[22;66H[2d[22;28H1Hz)[23d[2d[2;66H28[3;63H5.1[4d8[5d6[6;41H20000[6;62H 0.1[75G7[7;65H5[8;63H3.4[9;63H3.0[10d1[76G4[11;63H2.4[12d7[13d1[75G30[14;65H9[15;63H4.3[16;63H9.1[17;63H5.4[18;63H2.0[19d7[20;62H50.2[76G[22;66H[2d[22;27H88Hz)[23d[2d[2;66H49[3;65H6[4;62H10.3[5;63H7.1[6;75H9[7;63H1.0[8d9[9d5[10d3[76G6[11;65H9[12;63H8.2[13;76H2[14;63H5.4[15d8[16d6[17d9[18d5[19;63H7.2[20d7[76G[22;66H[2d[22;32H[23d[2d[2;66H70[3;63H6.1[4d8[5d6[6d3[75G10[7;65H5[8;63H4.4[9;63H4.0[10d8[11;63H3.4[12d7[13d3[76G3[14;65H9[15;63H5.3[16;62H50.1[17;63H6.4[18d9[19d7[20;63H1.2[76G[22;66H[2d[22;27H91Hz)[23d[2d[2;66H88[3;65H6[4;63H1.3[5;63H8.1[6d2[76G2[7;63H2.0[8d9[9d5[10;41H     [10;63H1.3[11d9[12;63H9.2[13d5[76G4[14;63H6.4[15d8[16d6[17d9[18;63H3.4[19;63H8.2[20d7[76G[22;66H[2d[22;32H[23d[2d[2;65H109[3;63H7.1[4d8[5d6[6;76H4[7;65H5[8;63H5.4[9;63H5.0[10d8[11;63H4.4[12d7[13;63H1.0[14d9[15;63H6.3[16;63H1.1[17;63H7.4[18;63H4.0[19d7[20;41H17050[20;62H 0.2[75G10[22;66H[2d[22;28H3Hz)[23d[2d[2;66H30[3;65H6[4;63H2.3[5;63H9.1[6d3[76G5[7;63H3.0[8d9[9d5[10;63H2.3[11d9[12;62H10.2[13;41H     [13;65H5[14;63H7.4[15d8[16d6[17d9[18d5[19;63H9.2[20d3[76G1[22;66H[2d[22;28H5Hz)[23d[2d[2;66H48[3;63H8.1[4d8[5d6[6d1[76G7[7;65H5[8;63H6.4[9;63H6.0[10d8[11;63H5.4[12d7[13;63H2.0[14d9[15;63H7.3[16;63H2.1[17;63H8.4[18;63H5.0[19d7[20d1[76G3[22;66H[2d[22;27H89Hz)[23d[2d[2;66H69[3;65H6[4;63H3.3[5;62H20.1[6d3[76G8[7;63H4.0[8d9[9d5[10;63H3.3[11d9[12;63H1.2[13d5[14;63H8.4[15d8[16d6[17d9[18d5[19;62H30.2[20d3[76G4[22;66H[2d[22;28H7Hz)[23d[2d[2;66H90[3;63H9.1[4d8[5d6[6d1[75G20[7;65H5[8;63H7.4[9;63H7.0[10d8[11;63H6.4[12d7[13;63H3.0[14d9[15;63H8.3[16;63H3.1[17;63H9.4[18;63H6.0[19d7[20d1[76G6[22;66H[2d[22;28H5Hz)[23d[2d[2;65H208[3;65H6[4;63H4.3[5;63H1.1[6d2[76G1[7;63H5.0[8d9[9d5[10;63H4.3[11d9[12;63H2.2[13d5[14;63H9.4[15d8[16d6[17d9[18d5[19;63H1.2[20d2[76G7[22;66H[2d[22;28H9Hz)[23d[2d[2;66H29[3;62H20.1[4d8[5d6[6d1[76G3[7;65H5[8;63H8.4[9;63H8.0[10d8[11;63H7.4[12d7[13;63H4.0[14d9[15;63H9.3[16;63H4.1[17;62H30.4[18;63H7.0[19d7[20d1[76G9[22;66H[2d[22;32H[23d[2d[2;66H50[3;65H6[4;63H5.3[5;63H2.1[6d2[76G4[7;63H6.0[8d9[9d5[10;63H5.3[11d9[12;63H3.2[13d5[14;62H80.4[15d8[16d6[17d9[18d5[19;63H2.2[20d2[75G20[22;66H[2d[22;27H90Hz)[23d[2d[2;66H71[3;63H1.1[4d8[5d6[6d0[76G6[7;65H5[8;63H9.4[9;63H9.0[10d8[11;63H8.4[12d7[13;63H5.0[14d9[15;62H90.3[16;63H5.1[17;63H1.4[18;63H8.0[19d7[20d0[76G2[22;66H[2d[22;32H[23d[2d[2;66H92[3;65H6[4;63H6.3[5;63H3.1[6d2[76G7[7;63H7.0[8d9[9d5[10;63H6.3[11d9[12;63H4.2[13d5[14;63H1.4[15d8[16d6[17d9[18d5[19;63H3.2[20d2[76G3[22;66H[2d[22;32H[23d[2d[2;65H310[3;63H2.1[4d8[5d6[6d1[76G9[7;65H5[8;62H70.4[9;62H30.0[10d8[11;63H9.4[12d7[13;63H6.0[14d9[15;63H1.3[16;63H6.1[17;63H2.4[18;63H9.0[19d7[20d1[76G5[22;66H[2d[22;27H84Hz)[23d[2d[2;66H31[3;65H6[4;63H7.3[5;63H4.1[6d2[75G30[7;63H8.0[8d9[9d5[10;63H7.3[11d9[12;63H5.2[13d5[14;63H2.4[15d8[16d6[17d9[18d5[19;63H4.2[20d2[76G6[22;66H[2d[22;28H6Hz)[23d[2d[2;66H52[3;63H3.1[4d8[5d6[6d3[76G1[7;65H5[8;63H1.4[9;63H1.0[10d8[11;62H10.4[12d7[13;63H7.0[14d9[15;63H2.3[16;63H7.1[17;63H3.4[18;62H30.0[19d7[20d0[76G8[22;66H[2d[22;28H3Hz)[23d[2d[2;66H70[3;65H6[4;63H8.3[5;63H5.1[6d8[7;63H9.0[8d9[9d5[10;63H8.3[11d9[12;63H6.2[13d5[14;63H3.4[15d8[16d6[17d9[18d5[19;63H5.2[20d1[76G9[22;66H[2d[22;28H9Hz)[23d[2d[2;66H91[3;63H4.1[4d8[5d6[6;41H     [6;63H1.3[7d5[8;63H2.4[9;63H2.0[10d8[11;63H1.4[12d7[13;63H8.0[14d9[15;63H3.3[16;63H8.1[17;63H4.4[18;63H1.0[19d7[20d3[75G30[22;66H[2d[22;28H8Hz)[23d[2d[2;65H412[3;65H6[4;63H9.3[5;63H6.1[6d8[7;62H30.0[8d9[9d5[10;63H9.3[11d9[12;63H7.2[13d5[14;63H4.4[15d8[16d6[17d9[18d5[19;63H6.3[20d1[76G2[22;66H[2d[22;28H6Hz)[23d[2d[2;66H30[3;63H5.1[4d8[5d6[6;63H2.4[7d5[8;63H3.4[9;63H3.0[10d8[11;63H2.4[12d7[13;63H9.0[14d9[15;63H4.3[16;63H9.1[17;63H5.4[18;63H2.0[19d8[20d3[76G3[22;66H[2d[22;28H7Hz)[23d[2d[2;66H51[3;65H6[4;62H20.3[5;63H7.1[6d8[7;63H1.0[8d9[9d5[10;62H10.3[11d9[12;63H8.2[13d5[14;63H5.4[15d8[16d6[17d9[18d5[19;63H7.2[20d0[76G7[22;66H[2d[22;28H6Hz)[23d[2d[2;66H72[3;63H6.1[4d8[5d6[6;63H3.3[7d5[8;63H4.4[9;63H4.0[10d8[11;63H3.4[12d7[13;62H10.0[14d9[15;63H5.3[16;62H60.1[17;63H6.4[18;63H3.0[19d8[20d3[75G40[22;66H[2d[22;27H91Hz)[23d[2d[2;66H90[3;65H6[4;63H1.3[5;63H8.1[6d9[7;63H2.0[8d9[9d5[10;63H1.3[11d9[12;63H9.2[13d5[14;63H6.4[15d8[16d6[17d9[18d5[19;63H8.3[20d0[76G2[22;66H[2d[22;28H3Hz)[23d[2d[2;65H511[3;63H7.1[4d9[5d6[6;63H4.4[7d5[8;63H5.4[9;63H5.0[10d8[11;63H4.4[12d7[13;63H1.0[14d9[15;63H6.3[16;63H1.1[17;63H7.4[18;63H4.0[19d8[20d2[76G3[22;66H[2d[22;28H2Hz)[23d[2d[2;66H32[3;65H6[4;63H2.4[5;63H9.1[6d9[7;63H3.0[8d9[9d5[10;63H2.3[11d9[12;62H20.2[13d5[14;63H7.4[15d8[16d6[17d9[18d5[19;63H9.3[20d1[76G5[22;66H[2d[22;28H8Hz)[23d[2d[2;66H50[3;63H8.1[4d8[5d6[6;63H5.3[7d5[8;63H6.4[9;63H6.0[10d8[11;63H5.4[12d7[13;63H2.0[14d9[15;63H7.3[16;63H2.1[17;63H8.4[18;63H5.0[19d8[20d0[76G7[22;66H[2d[22;28H9Hz)[23d[2d[2;66H71[3;65H6[4;63H3.4[5;62H30.1[6d9[7;63H4.0[8d9[9d5[10;63H3.3[11d9[12;63H1.2[13d5[14;63H8.4[15d8[16d6[17d9[18d5[19;62H40.3[20d2[76G9[22;66H[2d[22;26H601Hz)[23d[2d[2;66H92[3;63H9.1[4d9[5d6[6;63H6.4[7d5[8;63H7.4[9;63H7.0[10d8[11;63H6.4[12d7[13;63H3.0[14d9[15;63H8.3[16;63H3.1[17;63H9.4[18;63H6.0[19d8[20d0[75G51[22;66H[2d[22;32H[23d[2d[2;65H610[3;65H6[4;63H4.4[5;63H1.1[6d9[7;63H5.0[8d9[9d5[10;63H4.3[11d9[12;63H2.2[13d5[14;63H9.4[15d8[16d6[17d9[18d5[19;63H1.3[20d1[76G2[22;66H[2d[22;28H5Hz)[23d[2d[2;66H31[3;62H30.1[4d9[5d6[6;63H7.4[7d5[8;63H8.4[9;63H8.0[10d8[11;63H7.4[12d7[13;63H4.0[14d9[15;63H9.3[16;63H4.1[17;62H40.4[18;63H7.0[19d8[20d4[76G3[22;66H[2d[22;28H4Hz)[23d[2d[2;66H52[3;65H6[4;63H5.4[5;63H2.1[6d9[7;63H6.0[8d9[9d5[10;63H5.3[11d9[12;63H3.2[13d5[14;62H90.4[15d8[16;41H17051[16;62H 0.0[76G7[17;65H9[18d5[19;63H2.3[20d0[76G6[22;66H[2d[22;32H[23d[2d[2;66H70[3;63H1.1[4d9[5d6[6;63H8.4[7d5[8;63H9.4[9;63H9.0[10d8[11;63H8.4[12d7[13;63H5.0[14d9[15;62H100.3s, count 2[16d9[17;63H1.4[18;63H8.0[19d8[20;75H60[22;66H[2d[22;32H[23d[2d[2;66H91[3;65H6[4;63H6.4[5;63H3.1[6d9[7;63H7.0[8d9[9d5[10;63H6.3[11d9[12;63H4.2[13d5[14;63H1.4[15d8[16d3[75G50[17;65H9[18d5[19;63H3.3[20d3[76G1[22;66H[2d[22;32H[23d[2d[2;65H709[3;63H2.1[4d9[5d6[6;63H9.4[7d5[8;62H80.4[9;62H40.0[10d8[11;63H9.4[12d7[13;63H6.0[14d9[15d1.3[16d1[76G2[17;63H2.4[18;63H9.0[19d8[20d4[76G2[22;66H[2d[22;28H7Hz)[23d[2d[2;66H30[3;65H6[4;63H7.4[5;63H4.1[6d9[7;63H8.0[8d9[9d5[10;63H7.3[11d9[12;63H5.2[13d5[14;63H2.4[15d8[16d2[76G4[17;65H9[18d5[19;63H4.3[20d2[76G5[22;66H[2d[22;28H6Hz)[23d[2d[2;66H51[3;63H3.1[4d9[5d6[6;62H10.4[7d5[8;63H1.4[9;63H1.0[10d8[11;62H20.4[12d7[13;63H7.0[14d9[15d2.3[16d3[76G5[17;63H3.4[18;62H40.0[19d8[20d3[76G6[22;66H[2d[22;28H7Hz)[23d[2d[2;66H69[3;65H6[4;63H8.4[5;63H5.1[6d9[7;63H9.0[8d9[9d5[10;63H8.3[11d9[12;63H6.2[13d5[14;63H3.4[15d8[16d1[76G7[17;65H9[18d5[19;63H5.3[20d1[76G8[22;66H[2d[22;32H[23d[2d[2;66H90[3;63H4.1[4d9[5d6[6;63H1.4[7d5[8;63H2.4[9;63H2.0[10d8[11;63H1.4[12d7[13;63H8.0[14d9[15d3.3[16d3[76G8[17;63H4.4[18;63H1.0[19d8[20d3[76G9[22;66H[2d[22;28H3Hz)[23d[2d[2;65H811[3;65H6[4;63H9.4[5;63H6.1[6d9[7;62H40.0[8d9[9d5[10;63H9.3[11d9[12;63H7.2[13d5[14;63H4.4[15d8[16d1[75G60[17;65H9[18d5[19;63H6.3[20d1[75G71[22;66H[2d[22;28H4Hz)[23d[2d[2;66H32[3;63H5.1[4d9[5d6[6;63H2.4[7d5[8;63H3.4[9;63H3.0[10d8[11;63H2.4[12d7[13;63H9.0[14d9[15d4.3[16d2[76G1[17;63H5.4[18;63H2.0[19d8[20d2[76G2[22;66H[2d[22;32H[23d[2d[2;66H53[3;65H6[4;62H30.4[5;63H7.1[6d9[7;63H1.0[8d9[9d5[10;62H20.3[11d9[12;63H8.2[13d5[14;42H6214[14;62H 0.0[75G6[15;66H8[16d3[76G3[17;65H9[18d5[19;63H7.3[20d0[76G5[22;66H[2d[22;28H7Hz)[23d[2d[2;66H71[3;63H6.1[4d9[5d6[6;63H3.4[7d5[8;63H4.4[9;63H4.0[10d8[11;63H3.4[12d7[13;62H20.0[14d1[75G7[15;64H5.3[16d1[76G5[17;63H6.4[18;63H3.0[19d8[20d1[76G6[22;66H[2d[22;28H4Hz)[23d[2d[2;66H92[3;65H6[4;63H1.4[5;63H8.1[6d9[7;63H2.0[8d9[9d5[10;63H1.3[11d9[12;63H9.2[13d5[14d2[75G8[15;66H8[16d2[76G6[17;65H9[18d5[19;63H8.3[20d2[76G7[22;66H[2d[22;32H[23d[2d[2;65H913[3;63H7.1[4d9[5d6[6;63H4.4[7d6[8;63H5.4[9;63H5.0[10d8[11;63H4.4[12d7[13;63H1.0[14d3[75G9[15;64H6.3[16d7[17;63H7.4[18;63H4.0[19d8[20d3[76G8[22;66H[2d[22;26H598Hz)[23d[2d[2;66H34[3;65H6[4;63H2.4[5;63H9.1[6d9[7;63H3.1[8d9[9d6[10;63H2.3[11d9[12;62H30.2[13d5[14d0[75G12[15;66H8[16;14H5.98[16;65H0[75G2[K[17;16H237[17;62H 1.2[75G66[18;14H6.462[18;63H7.9[75G10[19;14H7[19;63H4.5[75G21[20;13H58[20;41H     [20;62H49[75G10[21dvoice freq 860.237500, active tgids [   17050   ], last seen  0.0s, count 81[22;66H[2d[22;32H[23d[2d[2;66H52[3;63H8.1[4d9[5d6[6;63H5.4[7d6[8;63H6.4[9;63H6.1[10d8[11;63H5.4[12d7[13;63H2.0[14d2[76G3[15;64H7.3[16d2[75G6[17;65H7[18;63H8.4[19;63H5.0[20d8[21d2[76G2[22;66H[2d[22;26H601Hz)[23d[2d[2;66H73[3;65H6[4;63H3.4[5;62H40.1[6d9[7;63H4.1[8d9[9d5[10;63H3.3[11d9[12;63H1.2[13d5[14d3[76G5[15;66H8[16d1[75G8[17;63H2.2[18d9[19d5[20;62H50.3[21d1[76G4[22;66H[2d[22;26H596Hz)[23d[2d[2;66H91[3;63H9.1[4d9[5d6[6;63H6.4[7d6[8;63H7.4[9;63H7.1[10d8[11;63H6.4[12d7[13;63H3.0[14;76H7[15;64H8.3[16;75H10[17;65H7[18;63H9.4[19;63H6.0[20d8[21;76H6[22;66H[2d[22;26H600Hz)[23d[2d[2;64H3012[3;65H6[4;63H4.4[5;63H1.1[6d9[7;63H5.1[8d9[9d6[10;63H4.3[11d9[12;63H2.2[13d5[14d0[76G9[15;66H8[16d0[76G1[17;63H3.2[18d9[19d5[20;63H1.3[21d4[76G7[22;66H[2d[22;26H595Hz)[23d[2d[2;66H33[3;62H40.1[4d9[5d6[6;63H7.4[7d6[8;63H8.4[9;63H8.1[10d9[11;63H7.4[12d7[13;63H4.0[14d2[75G20[15;64H9.3[16d5[17d7[18;62H50.4[19;63H7.0[20d8[21d9[77G[22;66H[2d[22;26H600Hz)[23d[2d[2;66H51[3;65H6[4;63H5.4[5;63H2.1[6d9[7;63H6.1[8d9[9d6[10;63H5.3[11d9[12;63H3.2[13d5[14d1[76G2[15;66H8[16;63H1.0[17;63H4.2[18d9[19d5[20;63H2.3[21;41H     [21;63H1.4[77G[22;66H[2d[22;26H594Hz)[23d[2d[2;66H72[3;63H1.1[4d9[5d6[6;63H8.4[7d6[8;63H9.4[9;63H9.1[10d8[11;63H8.4[12d7[13;63H5.0[14d4[76G5[15;63H10.3[16;41H     [16;65H5[17d7[18;63H1.4[19;63H8.0[20d8[21d9[77G[22;66H[2d[22;28H1Hz)[23d[2d[2;66H93[3;65H6[4;63H6.4[5;63H3.1[6d9[7;63H7.1[8d9[9d6[10;63H6.4[11d9[12;63H4.2[13d5[14d0[76G8[15;66H8[16;63H2.0[17;63H5.2[18d9[19d5[20;41H20000[20;62H 0.0[76G4[21;63H2.4[77G[22;66H[2d[22;28H5Hz)[23d[2d[2;65H111[3;63H2.1[4d9[5d6[6;63H9.4[7d6[8;62H90.4[9;62H50.1[10d9[11;63H9.4[12d7[13;63H6.0[14d2[76G9[15;64H1.3[16d5[17d8[18;63H2.4[19;63H9.0[20d2[76G5[21;65H9[77G[22;66H[2d[22;28H1Hz)[23d[2d[2;66H32[3;65H6[4;63H7.4[5;63H4.1[6d9[7;63H8.1[8d9[9d6[10;63H7.4[11d9[12;63H5.2[13d5[14d0[75G31[15;66H8[16;63H3.0[17;63H6.3[18d9[19d5[20d0[76G7[21;63H3.4[77G[22;66H[2d[22;27H89Hz)[23d[2d[2;66H53[3;63H3.1[4d9[5d6[6;62H20.4[7d6[8;63H1.4[9;63H1.1[10d9[11;62H30.4[12d7[13;63H7.0[14d1[76G2[15;64H2.3[16d5[17d7[18;63H3.4[19;62H50.0[20d1[76G8[21;65H9[77G[22;66H[2d[22;28H0Hz)[23d[2d[2;66H71[3;65H6[4;63H8.4[5;63H5.1[6d9[7;63H9.1[8d9[9d6[10;63H8.4[11d9[12;63H6.2[13d5[14d4[76G3[15;66H8[16;63H4.0[17;63H7.3[18d9[19d5[20d4[76G9[21;63H4.4[77G[22;66H[2d[22;28H1Hz)[23d[2d[2;66H92[3;63H4.1[4d9[5d6[6;63H1.4[7d6[8;63H2.4[9;63H2.1[10d9[11;63H1.4[12d7[13;63H8.0[14d1[76G5[15;64H3.3[16d5[17d8[18;41H17050[18;62H 0.0[76G1[19;63H1.0[20d1[75G21[21;65H9[77G[22;66H[2d[22;28H0Hz)[23d[2d[2;65H213[3;65H6[4;63H9.4[5;63H6.1[6d9[7;62H50.1[8d9[9d6[10;63H9.4[11d9[12;63H7.2[13d5[14d5[76G6[15;66H8[16;63H5.0[17;63H8.3[18d4[76G3[19;65H5[20d5[76G2[21;63H5.4[77G[22;66H[2d[22;28H8Hz)[23d[2d[2;66H31[3;63H5.1[4d9[5d6[6;63H2.4[7d6[8;63H3.4[9;63H3.1[10d9[11;63H2.4[12d7[13;63H9.0[14;63H1.0[15d4.3[16d5[17d8[18d2[76G5[19;63H2.0[20;63H1.0[21d9[77G[22;66H[2d[22;28H6Hz)[23d[2d[2;66H52[3;65H6[4;62H40.4[5;63H7.1[6d9[7;63H1.1[8d9[9d6[10;62H30.4[11d9[12;63H8.2[13d5[14;42H    [14;65H5[15d8[16;63H6.0[17;63H9.3[18;76H6[19;65H5[20;41H     [20;65H5[21;63H6.4[77G[22;66H[2d[22;28H7Hz)[23d[2d[2;66H70[3;63H6.1[4d9[5d6[6;63H3.4[7d6[8;63H4.4[9;63H4.1[10d9[11;63H3.4[12d7[13;62H30.0[14;63H2.0[15d5.3[16d5[17d8[18d4[76G7[19;63H3.0[20;63H2.0[21d9[77G[22;66H[2d[22;28H4Hz)[23d[2d[2;66H91[3;65H6[4;63H1.4[5;63H8.1[6d9[7;63H2.1[8d9[9d6[10;63H1.4[11d9[12;63H9.2[13d5[14d5[15d8[16;63H7.0[17;62H10.3[18d2[76G9[19;65H5[20d5[21;63H7.4[77G[22;66H[2d[22;28H5Hz)[23d[2d[2;65H312[3;63H7.1[4d9[5d6[6;63H4.4[7d6[8;63H5.4[9;63H5.1[10d9[11;63H4.4[12d7[13;63H1.0[14;63H3.0[15d6.3[16d6[17d8[18d3[75G20[19;63H4.0[20;63H3.0[21d9[77G[22;66H[2d[22;28H9Hz)[23d[2d[2;66H30[3;65H6[4;63H2.4[5;63H9.1[6d9[7;63H3.1[8d9[9d6[10;63H2.4[11d9[12;62H40.2[13d5[14d5[15d8[16;63H8.1[17;63H1.3[18;76H3[19;65H5[20d5[21;63H8.4[77G[22;66H[2d[22;27H90Hz)[23d[2d[2;66H51[3;63H8.1[4d9[5d6[6;63H5.4[7d6[8;63H6.4[9;63H6.1[10d9[11;63H5.4[12d7[13;63H2.0[14;63H4.0[15d7.3[16d5[17d8[18;76H4[19;63H5.0[20;63H4.0[21d9[77G[22;66H[2d[22;27H88Hz)[23d[2d[2;66H72[3;65H6[4;63H3.4[5;62H50.1[6d9[7;63H4.1[8d9[9d6[10;63H3.4[11d9[12;63H1.2[13d5[14d5[15d8[16;63H9.1[17;63H2.3[18d1[76G6[19;65H5[20d5[21;63H9.4[77G[22;66H[2d[22;27H90Hz)[23d[2d[2;66H93[3;63H9.1[4d9[5d6[6;63H6.4[7d6[8;63H7.4[9;63H7.1[10d9[11;63H6.4[12d7[13;63H3.0[14;63H5.0[15d8.3[16d6[17d8[18d3[76G7[19;63H6.0[20;63H5.0[21d9[77G[22;66H[2d[22;27H83Hz)[23d[2d[2;65H414[3;65H6[4;63H4.4[5;63H1.1[6d9[7;63H5.1[8d9[9;42H6214[9;62H 0.0[76G6[10;63H4.4[11d9[12;63H2.2[13d5[14d5[15d8[16;62H10.1[17;63H3.3[18d0[75G30[19;65H5[20d5[21;62H10.5[77G[22;66H[2d[22;28H0Hz)[23d[2d[2;66H32[3;62H50.1[4d9[5d6[6;63H7.4[7d6[8;63H8.4[9d1[76G8[10;65H9[11;63H7.4[12d7[13;63H4.0[14;63H6.0[15d9.3[16d6[17d8[18d1[76G1[19;63H7.0[20;63H6.0[21d9[77G[22;66H[2d[22;28H3Hz)[23d[2d[2;66H53[3;65H6[4;63H5.4[5;63H2.1[6d9[7;63H6.1[8d9[9d3[76G9[10;63H5.4[11d9[12;63H3.2[13d5[14d5[15d8[16;63H1.1[17;63H4.3[18d3[76G2[19;65H5[20d5[21;63H1.4[77G[22;66H[2d[22;27H90Hz)[23d[2d[2;66H74[3;63H1.1[4d9[5d6[6;63H8.4[7d6[8;63H9.4[9d2[75G21[10;65H9[11;63H8.4[12d7[13;63H5.0[14;63H7.0[15;63H20.3[16d6[17d8[18d2[76G6[19;41H20000[19;62H 0.2[76G4[20;63H7.0[21;63H2.0[77G[22;66H[2d[22;28H3Hz)[23d[2d[2;66H95[3;65H7[4;63H6.4[5;63H3.2[6d9[7;42H6213[7;62H 0.2[76G7[8;62H100.0s, count 10[9;65H3[76G3[10;63H6.4[11d9[12;63H4.2[13d5[14d5[15d9[16;63H2.1[17;63H5.3[18;76H9[19d6[20;65H5[21d5[77G[22;66H[2d[22;28H0Hz)[23d[2d[2;65H513[3;63H2.2[4d9[5d7[6;63H9.4[7;76H9[8;66H5[9d8[10d9[11;63H9.4[12d7[13;63H6.0[14;63H8.0[15d1.4[16d6[17d8[18d0[75G41[19;65H0[76G8[20;63H8.0[21;63H3.0[77G[22;66H[2d[22;32H[23d[2d[2;66H34[3;65H6[4;63H7.4[5;63H4.1[6d9[7d1[75G41[8;66H9[9;42H    [9;63H1.3[10;63H7.4[11d9[12;63H5.2[13d5[14d5[15d8[16;63H3.1[17;63H6.3[18;76H3[19d30[20;65H5[21d5[77G[22;66H[2d[22;27H88Hz)[23d[2d[2;66H52[3;63H3.2[4d9[5d7[6;62H30.4[7;76H3[8;64H1.4[9d8[10d9[11;62H40.4[12d7[13;63H7.0[14;63H9.0[15d2.3[16d6[17d8[18d1[76G5[19;65H1[76G2[20;63H9.0[21;63H4.0[77G[22;66H[2d[22;28H3Hz)[23d[2d[2;66H73[3;65H7[4;63H8.4[5;63H5.2[6d9[7;76H5[8;64H2.0[9;63H2.3[10;63H8.4[11d9[12;63H6.2[13d5[14d5[15d9[16;63H4.1[17;63H7.3[18;76H7[19;65H3[76G3[20;65H5[21d5[77G[22;66H[2d[22;28H8Hz)[23d[2d[2;66H94[3;63H4.2[4d9[5d7[6;63H1.4[7d0[76G8[8;66H5[9d8[10d9[11;63H1.4[12d7[13;63H8.0[14;62H10.0[15d3.4[16d6[17d8[18d0[75G50[19;65H5[76G4[20;62H10.0[21;63H5.0[77G[22;66H[2d[22;28H6Hz)[23d[2d08/30/26 16:29:47.527221 voice update:  tg(17524), freq(851837500), slot(-), prio(3)
[2;65H612[3;65H7[4;63H9.4[5;63H6.2[6d9[7d1[76G9[8;66H9[9;63H3.3[10;63H9.4[11d9[12;63H7.2[13d5[14d5[15d8[16;63H5.1[17;63H8.3[18d1[76G1[19;63H1.0[20d5[21d5[77G[22;66H[2d[22;27H90Hz)[23d[2d08/30/26 16:29:47.660287 duid15, tg(17524)
[2;66H2408/30/26 16:29:48.055245 hold active tg(17524)
[3;63H5.2[4d9[5d7[6;63H2.4[7d08/30/26 16:29:48.055318 voice update:  tg(17524), freq(851837500), slot(-), prio(3)
6[8;41H17524[8;62H 0.4s, count 11[K[9;65H8[10d9[11;63H2.4[12d7[13;63H9.0[14;63H1.0[15d4.4[16d6[17d8[18d6[19;41H     [19;65H5[20;63H1.0[21;63H6.0[77G[22;66H[2d[22;27H89Hz)[23d[2d[2;67H9[3;65H7[4;62H50.4[5;63H7.2[6d9[7d4[75G50[8d2[9;63H4.3[10;62H40.4[11d9[12;63H8.2[13d5[14d5[15d9[16;63H6.1[17;63H9.3[18;63H1.1[19;63H2.0[20d5[21d5[77G[22;66H[2d[22;11H851.83750[26G601Hz) Talkgroup ID 17524[23d[2d[2;66H31[3;63H6.2[4d9[5d7[6;63H3.4[7d9[8d9[9d8[10d9[11;63H3.4[12d8[13;62H40.0[14;63H2.0[15d5.4[16d6[17d8[18;41H     [18;65H6[19d5[20;63H2.0[21;63H7.0[77G[22;74H225254[2d[22;27H2[22;51H[23d[2d[2;67H2[3;65H7[4;63H1.4[5;63H8.2[6d9[7;42H    [7;63H1.4[8;63H1.4[9;63H5.3[10;63H1.4[11d9[12;63H9.3[13d5[14d5[15d9[16;63H7.1[17;62H20.3[18;63H2.1[19;63H3.0[20d5[21d5[77G[22;80H[2d[22;27H34[22;51H[23d[2d[2;67H4[3;63H7.2[4d9[5d7[6;63H4.4[7d9[8d9[9d8[10d9[11;63H4.4[12d8[13;63H1.0[14;63H3.0[15d6.4[16d6[17d8[18d6[19d5[20;63H3.0[21;63H8.0[77G[22;80H[2d[22;27H51[22;51H[23d[2d[2;67H5[3;65H7[4;63H2.4[5;63H9.2[6d9[7;63H2.4[8;63H2.4[9;63H6.3[10;63H2.4[11d9[12;62H50.3[13d5[14d5[15d9[16;63H8.1[17;63H1.3[18;63H3.1[19;63H4.0[20d5[21d5[77G[22;80H[2d[22;27H63[22;51H[23d[2d[2;67H6[3;63H8.2[4d9[5d7[6;63H5.4[7d9[8d9[9d8[10d9[11;63H5.4[12d8[13;63H2.0[14;63H4.0[15d7.4[16d6[17d8[18d6[19d5[20;63H4.0[21;63H9.0[77G[22;80H[2d[22;27H72[22;51H[23d[2d[2;67H8[3;65H7[4;63H3.4[5;62H60.2[6d9[7;63H3.4[8;63H3.4[9;63H7.3[10;63H3.4[11d9[12;63H1.3[13d5[14d5[15d9[16;63H9.1[17;63H2.3[18;63H4.1[19;63H5.0[20d5[21d5[77G[22;80H[2d[22;27H6[22;51H[23d[2d08/30/26 16:29:51.587962 duid15, tg(17524)
08/30/26 16:29:51.922623 hold active tg(17524)
08/30/26 16:29:51.983052 hold active tg(17524)
08/30/26 16:29:51.983095 hold active tg(17524)
08/30/26 16:29:52.053588 hold active tg(17524)
08/30/26 16:29:52.053637 voice update:  tg(17524), freq(851837500), slot(-), prio(3)
[2;66H48[3;63H9.2[4d9[5;41H20000[5;62H 0.1[76G1[6;63H6.4[7d9[8;41H     [8;65H9[9d8[10d9[11;63H6.5[12d8[13;63H3.0[14;63H5.0[15d8.4[16d6[17d8[18d6[19d5[20;63H5.0[21;62H20.0[77G[22;74H[K[22;66H[2d[22;11H773.05625[22;28H0Hz)[K[23d[2d08/30/26 16:29:52.187171 duid15, tg(17524)
08/30/26 16:29:52.511538 hold active tg(17524)
[2;66H59[3;65H7[4;63H4.4[5d5[76G2[6;65H9[7;42H6213[7;63H0.5[76G1[8;41H17524[8;63H0.4[76G3[9;63H8.3[10;63H4.4[11;63H7.0[12;63H2.3[13d6[14d5[15d9[16;62H20.1[17;63H3.3[18;41H17050[18;63H0.5[76G2[19;63H6.0[20d5[21d5[77G[22;66H[2d[22;27H47Hz)[23d[2d08/30/26 16:29:52.642456 hold active tg(17524)
08/30/26 16:29:52.642498 voice update:  tg(17524), freq(851837500), slot(-), prio(3)
08/30/26 16:29:52.776241 duid15, tg(17524)
08/30/26 16:29:52.969623 hold active tg(17524)
08/30/26 16:29:52.969978 hold active tg(17524)
08/30/26 16:29:52.970000 voice update:  tg(17524), freq(851837500), slot(-), prio(3)
[2;66H68[3;62H60.2[4d9[5d0[76G4[6;63H7.4[7;76H2[8;65H3[76G4[9;65H8[10d9[11d4[12d8[13;63H4.0[14;63H6.0[15d9.4[16d6[17d8[18;63H1.0[19d5[20;63H6.0[21;63H1.0[77G[22;66H[2d[22;28H0Hz)[23d[2d[2;66H70[3;65H7[4;63H5.4[5d5[6d9[7;76H3[8;65H5[76G5[9;63H9.3[10;63H5.4[11;63H8.0[12;63H3.3[13d5[14d5[15d9[16;63H1.1[17;63H4.3[18;41H     [18;65H5[19;63H7.0[20d5[21d5[77G[22;66H[2d[22;11H851.83750[27G32Hz) Talkgroup ID 17524[23d[2d[2;67H2[3;63H1.2[4d9[5;63H1.0[6;63H8.4[7;63H1.0[8;63H1.0[9d8[10d9[11d5[12d8[13;63H5.1[14;63H7.0[15;63H30.4[16d6[17d8[18;63H2.0[19d5[20;63H7.0[21;63H2.0[77G[22;66H[2d[22;27H44[22;51H[23d[2d08/30/26 16:29:54.209412 duid15, tg(17524)
[2;67H8[3;65H7[4;63H6.4[5;41H     [5;65H5[6d9[7;42H    [7;65H5[8;41H     [8;65H5[9;62H10.3[10;63H6.4[11;63H9.0[12;63H4.3[13d6[14d5[15d9[16;63H2.1[17;63H5.3[18d5[19;63H8.0[20d5[21d5[77G[22;66H[2d[22;11H773.05625[22;28H9Hz)[K[23d[2d08/30/26 16:29:54.605094 hold active tg(17524)
08/30/26 16:29:54.675658 hold active tg(17524)
08/30/26 16:29:54.675704 voice update:  tg(17524), freq(851837500), slot(-), prio(3)
08/30/26 16:29:54.939925 duid15, tg(17524)
[2;66H88[3;41H17133[3;62H 0.3[76G3[4;65H9[5;41H20000[5;63H0.4[76G5[6;63H9.4[7;42H6213[7;63H0.4[76G4[8;41H17524[8;63H0.3[76G6[9;65H8[10d9[11d5[12d8[13;63H6.0[14;63H8.0[15d1.4[16d6[17d8[18;63H3.0[19d5[20;63H8.0[21;63H3.0[77G[22;66H[2d[22;27H54Hz)[23d[2d08/30/26 16:29:55.133684 hold active tg(17524)
08/30/26 16:29:55.194194 hold active tg(17524)
08/30/26 16:29:55.194251 hold active tg(17524)
08/30/26 16:29:55.264805 hold active tg(17524)
08/30/26 16:29:55.526797 hold active tg(17524)
[2;65H703[3;65H2[76G6[4;63H7.4[5d3[76G6[6;65H9[7d3[76G5[8;65H8[9;63H1.3[10;63H7.4[11;62H50.0[12;63H5.3[13d6[14d5[15d9[16;63H3.1[17;63H6.3[18d5[19;63H9.0[20d5[21d5[77G[22;66H[2d[22;27H39Hz)[23d[2d08/30/26 16:29:55.657727 hold active tg(17524)
08/30/26 16:29:55.849152 hold active tg(17524)
08/30/26 16:29:56.050393 hold active tg(17524)
08/30/26 16:29:56.050452 hold active tg(17524)
[2;66H24[3;65H1[76G8[4;65H9[5d1[76G8[6;62H40.4[7;76H7[8;41H     [8;63H1.3[9d8[10d9[11d5[12d8[13;63H7.1[14;63H9.0[15d2.4[16d6[17d8[18;63H4.0[19d5[20;63H9.0[21;63H4.0[77G[22;66H[2d[22;27H29Hz)[23d[2d08/30/26 16:29:56.110779 hold active tg(17524)
08/30/26 16:29:56.110835 hold active tg(17524)
08/30/26 16:29:56.181290 hold active tg(17524)
08/30/26 16:29:56.372703 hold active tg(17524)
08/30/26 16:29:56.573979 hold active tg(17524)
[2;66H45[3;65H3[75G31[4;63H8.4[5;75H71[6;65H9[7d1[75G60[8;65H8[9;63H2.3[10;63H8.4[11;63H1.0[12;63H6.3[13d6[14d5[15d9[16;63H4.1[17;63H7.3[18d5[19;62H10.0[20d5[21d5[77G[22;66H[2d[22;28H0Hz)[23d[2d08/30/26 16:29:56.765370 hold active tg(17524)
08/30/26 16:29:56.896336 hold active tg(17524)
[2;66H66[3;65H2[76G3[4;65H9[5;76H3[6;63H1.4[7;76H2[8;63H2.3[9d8[10d9[11d5[12d8[13;63H8.1[14;62H20.0[15d3.4[16d6[17d8[18;63H5.0[19d5[20;62H20.0[21;63H5.0[77G[22;66H[2d[22;28H3Hz)[23d[2d[2;66H84[3;76H5[4;63H9.4[5d2[76G4[6;65H9[7d3[76G3[8;65H8[9;63H3.3[10;63H9.4[11;63H2.0[12;63H7.3[13d6[14d5[15d9[16;63H5.1[17;63H8.3[18d5[19;63H1.0[20d5[21d5[77G[22;66H[2d[22;28H1Hz)[23d[2d[2;65H805[3;65H1[76G7[4;65H9[5d0[76G7[6;63H2.4[7d0[76G6[8;63H3.3[9d8[10d9[11d5[12d8[13;63H9.1[14;63H1.0[15d4.4[16d6[17d8[18;63H6.0[19d5[20;63H1.0[21;63H6.0[77G[22;66H[2d[22;27H15Hz)[23d[2d[2;66H26[3;76H9[4;62H60.4[5d1[76G8[6;65H9[7d2[76G7[8;65H8[9;63H4.3[10;62H50.4[11;63H3.0[12;63H8.3[13d6[14d5[15d9[16;63H6.1[17;63H9.3[18d5[19;63H2.0[20d5[21d5[77G[22;66H[2d[22;28H4Hz)[23d[2d[2;66H44[3;65H2[75G40[4;65H9[5d2[76G9[6;63H3.4[7;76H9[8;63H4.3[9d8[10d9[11d5[12d8[13;62H50.1[14;63H2.0[15d5.4[16d6[17d8[18;63H7.0[19d5[20;63H2.0[21;63H7.0[77G[22;66H[2d[22;27H06Hz)[23d[2d[2;66H65[3;65H0[76G2[4;63H1.4[5d3[75G81[6;65H9[7d0[75G71[8;65H8[9;63H5.3[10;63H1.4[11;63H4.0[12;63H9.3[13d6[14d5[15d9[16;63H7.1[17;62H30.3[18d5[19;63H3.0[20d5[21d5[77G[22;66H[2d[22;28H0Hz)[23d[2d[2;66H86[3;65H1[76G4[4;65H9[5d1[76G3[6;63H4.4[7d1[76G3[8;63H5.3[9d8[10d9[11d5[12d8[13;63H1.1[14;63H3.0[15d6.4[16d6[17d8[18;63H8.0[19d5[20;63H3.0[21;63H8.0[77G[22;66H[2d[22;26H597Hz)[23d[2d[2;65H904[3;65H3[76G5[4;63H2.4[5d2[76G5[6;65H9[7d2[76G4[8;65H8[9;63H6.3[10;63H2.4[11;63H5.0[12;62H60.3[13d6[14d5[15d9[16;63H8.1[17;63H1.3[18d5[19;63H4.0[20d5[21d5[77G[22;66H[2d[22;28H8Hz)[23d[2d[2;66H25[3;65H8[4d9[5d4[76G6[6;63H5.4[7d0[76G6[8;63H6.3[9d8[10d9[11d5[12d8[13;63H2.1[14;63H4.0[15d7.4[16d6[17d8[18;63H9.0[19d5[20;63H4.0[21;63H9.0[77G[22;66H[2d[22;28H5Hz)[23d[2d[2;66H46[3;41H     [3;63H1.3[4;63H3.4[5d9[6d9[7d2[76G7[8;65H8[9;63H7.3[10;63H3.4[11;63H6.0[12;63H1.3[13d6[14d5[15d9[16;63H9.1[17;63H2.3[18d5[19;63H5.0[20d5[21d5[77G[22;66H[2d[22;28H7Hz)[23d[2d[2;66H64[3;65H8[4d9[5;41H     [5;63H1.4[6;63H6.4[7d0[76G9[8;63H7.3[9d8[10d9[11d5[12d8[13;63H3.1[14;63H5.0[15d8.4[16d6[17d8[18;62H10.0[19d5[20;63H5.0[21;62H30.0[77G[22;66H[2d[22;28H3Hz)[23d[2d[2;66H85[3;63H2.3[4;63H4.4[5d9[6d9[7;75H81[8;65H8[9;63H8.3[10;63H4.4[11;63H7.0[12;63H2.3[13d6[14d5[15d9[16;62H30.1[17;63H3.3[18d5[19;63H6.0[20d5[21d5[77G[22;66H[2d[22;28H1Hz)[23d[2d
Script done on 2026-08-30 16:30:04-05:00 [COMMAND_EXIT_CODE="0"]
